{
	"type": "flyingUnit",
	"name": "歼灭者",
	"description": "追击敌人",
	"speed": 0.15,
	"flying": true,
	"hitsize":15,
	"health":2400,
	"rotateWeapon": true,
	"engineOffset":12,
	"shootCone":1,
	"engineSize":5,
	"range":220,
	"attackLength":180,
	"weapon": {
		"reload":60,
		"ignoreRotation":true,
		"shots":1,
		"spacing":0.1,
		"velocityRnd": 0,
		"alternate": true,
		"lengthRand": 2,
		"bullet":{
			"speed":3.5,
			"type":"MissileBulletType",
			"hitShake":0,
			"homingPower":0,
			"homingRange":0,
			"backColor":"00FFFF",
			"frontColor":"00FFFF",
			"trailColor":"00FFFF",
            "lifetime":300,
            "damage":180,
            "bulletWidth":5,
            "bulletHeight":35,
            "splashDamageRadius":80,
	        "splashDamage":70
		}
	}
}