{
	"type": "flyingUnit",
	"name": "龙牙",
	"description": "速度超快",
	"speed": 0.3,
	"flying": true,
	"hitsize":10,
	"health":1500,
	"rotateWeapon": true,
	"engineOffset":6,
	"shootCone":1,
	"engineSize":4,
	"range":280,
	"attackLength":30,
	"weapon": {
		"reload":60,
		"ignoreRotation":true,
		"shots":1,
		"spacing":0.1,
		"velocityRnd": 0,
		"alternate": false,
		"lengthRand": 2,
		"bullet":{
			"type":"MissileBulletType",
			"splashDamageRadius":150,
			"splashDamage":150,
			"homingPower":1,
			"homingRange":300,
			"speed":5,
			"damage":600,
			"bulletWidth":10,
			"bulletHeight":10,
            "killShooter":false,
			"lifetime":10,
            "instantDisappear":true,
			"backColor":"FF0000",
			"fontColor":"FF0000",
			"trailColor":"FF0000",
		}
	}
}