{
	"type": "MinerDrone",
	"name": "采矿机",
	"description": "更快的【全部矿物都挖的变态】",
	"health":150,
	"speed":0.5,
	"flying":true,
	"canHeal":false,
	"hitsize":5,
	"engineOffset":5,
	"engineSize":1.5,
	"minePower":100,
	"itemCapacity":300,
	"tier":10,
	"reload":30,
	"range":100,
	"attackLength":200,
	"toMine":["copper","lead","titanium","thorium","Fe","Mg","Al","W","U"],
	"weapon": {
		"speed":8,
		"bulletWidth":8,
		"bulletHeight":20,
		"damage":10,
		"reload":30,
		"trailEffect":"artilleryTrail",
		"bullet":"lancerLaser"
	}
}