{
	"type": "HoverUnit",
	"name": "幽幻",
	"description": "很缠人的战机",
	"speed": 4.5,
	"flying": true,
	"hitsize": 15,
	"health": 1000,
	"rotateWeapon": true,
	"engineOffset":13,
	"shootCone":1,
	"engineSize":5,
	"range":300,
	"attackLength":220,
	"weapon": {
		"reload":180,
		"ignoreRotation":true,
		"shots":1,
		"spacing":0.1,
		"velocityRnd": 0,
		"alternate": true,
		"lengthRand": 2,
		"bullet":{
			"speed":6.5,
			"type":"MissileBulletType",
			"hitShake":0,
			"homingPower":0,
			"homingRange":0,
			"backColor":"8A2BE2",
			"frontColor":"8A2BE2",
			"trailColor":"8968CD",
            "lifetime":200,
            "damage":350,
            "bulletWidth":3,
            "bulletHeight":30,
            "splashDamageRadius":40,
	        "splashDamage":150
		}
	}
}