{
	"type": "HoverUnit",
	"name": "游骑兵",
	"description": "游骑兵",
	"speed": 3,
	"flying": true,
	"hitsize": 15,
	"health": 1200,
	"rotateWeapon": true,
	"engineOffset":11,
	"shootCone":1,
	"engineSize":3,
	"range":200,
	"attackLength":100,
	"weapon": {
		"reload":30,
		"ignoreRotation":true,
		"shots":1,
		"spacing":0.1,
		"velocityRnd": 0,
		"alternate": true,
		"lengthRand": 2,
		"bullet":{
			"speed":7,
			"type":"MissileBulletType",
			"hitShake":0,
			"homingPower":0,
			"homingRange":0,
			"backColor":"8DEEEE",
			"frontColor":"8DEEEE",
			"trailColor":"8DEEEE",
            "lifetime":60,
            "damage":80,
            "bulletWidth":3,
            "bulletHeight":12,
            "splashDamageRadius":15,
	        "splashDamage":30
		}
	}
}