{
	"type": "flyingUnit",
	"name": "轰炸机",
	"description": "地毯式投放",
	"speed": 0.035,
	"flying": true,
	"hitsize": 15,
	"health": 3500,
	"rotateWeapon": true,
	"engineOffset":8,
	"shootCone":1,
	"engineSize":1.5,
	"range":450,
	"weapon": {
		"reload":1200,
		"ignoreRotation":true,
		"shots":100,
		"spacing":25,
		"velocityRnd": 0,
		"alternate": true,
		"lengthRand": 2,
		"bullet":{
			"speed":3.5,
			"type":"MissileBulletType",
			"hitShake":1,
			"homingPower":1,
			"homingRange":450,
			"backColor":"FFF68F",
			"frontColor":"FFF68F",
			"trailColor":"FFF68F",
            "lifetime":300,
            "damage":100,
            "bulletWidth":4,
            "bulletHeight":10,
            "splashDamageRadius":30,
	        "splashDamage":30
		}
	}
}