{
  "name": "[#ADFF2F]核威慑",
  "author": "[red]x[pink]v[blue]x[gray]神[purple]魂[red]
  [yellow]画师:[red]老滑稽
  [yellow]策划:[red]提尔皮茨
  [yellow]本MOD的灵感或者部分代码来源于:
  [red]墨阳 blac8 -YURIA- 星空战争 HIA 机械师 
  [red]华末独立军∮行云木瓜 提尔皮茨 AAAGO nope 手电
 【[yellow]本MOD等级[red]六：[#00FFFF]回潮[red]】",
  "description":"
  [pink]作者QQ:[yellow]1282566255[red]，[yellow]631113807
  [pink]本mod专属服务器：[yellow]m.tiexiu.xyz:30026
  [red]注:本MOD有专属服务器，禁止盗取并开服，违者必追究
  [pink]本modQQ群:[yellow]760261313
  [red]【合作请私聊】
  [#00FFFF]其实我也不知道啥时候结束更新
  [#00FFFF]反正更到不想更了在说吧
  [#00FFFF]一般都是修修BUG，不加东西了
  [#00FFFF]本人最后声明一下：
  [red]未经允许，禁止包括但不仅限于:修改文件,上传,发布,盗取
  [red]违者杀无赦并封杀",
  "dependencies":["[#adff2f]核威慑[red]ui"],
  "version":最终版7.5
}