{
	"type": "HoverUnit",
	"name": "重型战列巡洋舰",
	"description": "搭载了重型装甲与重型武器",
	"speed": 0.07,
	"flying": true,
	"hitsize": 15,
	"health": 10500,
	"rotateWeapon": false,
	"mass":35,
	"engineOffset": 27.5,
	"engineSize":6,
    "weaponOffsetY": 5,
    "rotatespeed": 0.03,
    "baseRotateSpeed": 0.02,
    "range": 280,
    "attackLength": 280,
	"weapon": {
		"name": "炮"
		"recoil":7.25,
        "length": 2,
		"reload": 50,
		"shots": 1,
		"shootSound":"artillery",
    	"inaccuracy": 2,
        "ejectEffect":"shootBigSmoke",
		"alternate": true,
		 "bullet":{
               "speed": 12.5,
               "bulletSprite":"新视界-冲击子弹",
               "lifetime": 50,
               "damage":300,              
               "bulletWidth": 13.75,
	           "hitEffect":"flakExplosionBig"
               "bulletHeight": 55,
               "lightining":3,
	           "lightningLength":10
		}
	}
}
