{
	"type": "GroundUnit",
	"name": "扫荡者",
	"description": "搭载重装甲，射出的子弹会分裂出光束造成伤害",
	"speed": 0.075,
	"flying": false,
	"hitsize": 15,
	"hitsizeTile": 5,
	"health": 4000,
	"rotateWeapon": false,
	"mass":20,
    "weaponOffsetY": 0,
    "rotatespeed": 0.03,
    "baseRotateSpeed": 0.02,
    "range": 320,
    "attackLength": 320,
	"weapon": {
		"name": "扫荡炮"
		"recoil":6,
		"shotDelay": 5,
		"spacing": 0,
       "velocityRnd": 0.15,
        "length": 16,
        "width": 17,
		"reload": 90,
		"shots": 3,
		"shootSound":"laser",
    	"inaccuracy": 2,
        "ejectEffect":"shootBigSmoke",
		"alternate": true,
		 "bullet":{
               "speed": 7,
               "bulletSprite":"新视界-冲击子弹",
               "lifetime":50,
               "damage":75,         
		     "fragBullets":2,
    "fragBullet":"lightning",
    
               "bulletWidth": 12.125,
               "backColor":"A0CCFF",
			   "frontColor":"f0f8ff",
			   "trailColor":"A0CCFF",
	           "hitEffect":"hitLancer"
			   "type":"MissileBulletType"
               "bulletHeight": 50,
               "homingPower": 0,
	           "shootEffect":"lightningShoot",
			   "smokeEffect":"lightningShoot"
			   "splashDamageRadius":25,
	           "splashDamage":8,
}
	}

}
