{
	"type": "revenant",
	"name": "炮击护卫舰",
	"description": "搭载了标准装甲与重型武器",
	"speed": 0.35,
	"flying": true,
	"hitsize": 18,
	"health": 3200,
	"rotateWeapon": true,
	"mass":20,
	"engineOffset": 14,
	"engineSize":4,
	"range": 250,
	"weapon": {
		"name": "u",
        "length": 3,
		"reload": 20,
		"shots": 1,
    	"inaccuracy": 0.5,
        "ejectEffect":"shootSmallSmoke",
		"alternate": true,
		 "bullet":{
               "speed": 8,
               "type":"MissileBulletType"
               "bulletSprite":"新视界-冲击子弹",
               "damage":65,              
               "splashDamageRadius": 20,
			   "splashDamage":22.5,
               "bulletWidth": 8,
	           "smokeEffect": "smoke",
	           "hitEffect":"flakExplosion",
               "bulletHeight": 27.5,
               "homingPower": 0
}
	}
}
