{
	"name": "阳离子浮游炮",
	"type": "HoverUnit",
	"description": "搭载了普通装甲与小型阳离子武器",
	"speed": 0.1,
	"flying": true,
	"hitsize": 8,
	"health": 325,
	"rotateWeapon": false,
	"mass":3,
	"engineOffset": 0,
	"engineSize":0,
	"range": 200,
	"attackLength": 196,
	"weapon": {
		"name": "u",
		"shotDelay": 5,
		"shots":5,
		"spacing": 0,
       "velocityRnd": 0.15,
        "length": 3.25,
        "width": 0,
		"reload": 130,
		"shootSound": "laser",
		"alternate": true,
		"bullet": 
    {
    "type" : "MissileBulletType",
	"damage": 50,
	"homingPower": 0.001,
	"bulletWidth": 9,
	"backColor":"abdbff",
	"trailColor":"abdbff",
	"bulletShrink":0.6,
	"frontColor":"f0f8ff",
	"bulletHeight": 30,
	"pierce": true,
	"speed": 10,
	"lifetime": 25,
	"hitEffect": "hitLancer",
	"fragBullets":0,
    "fragBullet":"lightning",
    "bulletSprite":"新视界-波束子弹",
	},
}
}
