{
	"type": "GroundUnit",
	"name": "湮灭者",
	"description": "搭载了超重型装甲与毁灭性武器，能够轻而易举地摧毁没有配备大量防御设备的防线",
	"maxVelocity": 0.45,
	"flying": false,
	"hitsize": 20,
	"hitsizeTile": 14,
	"health": 25000,
	"rotateWeapon": false,
	"mass":10,
    "weaponOffsetY": 0,
    "rotatespeed": 0.03,
    "baseRotateSpeed": 0.02,
    "range": 320,
    "attackLength": 320,
	"weapon": {
		"name": "堙灭炮"
		"recoil":3.75,
		"shotDelay": 5,
		"spacing": 0,
       "velocityRnd": 0.15,
        "length": 20,
        "width": 18.75,
		"reload": 67.5,
		"shots": 4,
		"shootSound":"laser",
    	"inaccuracy": 2,
        "ejectEffect":"shootBigSmoke2",
		"alternate": true,
		 "bullet":{
               "speed": 7,
               "bulletSprite":"新视界-波束子弹",
               "lifetime":50,
               "damage":300,              
               "bulletWidth": 13,
               "backColor":"ea8878",
			   "frontColor":"ffb380",
	           "hitEffect":"blastExplosion"
			   "type":"MissileBulletType"
               "bulletHeight": 40,
               "homingPower": 0,
	           "shootEffect":"hitMeltdown",
			   "smokeEffect":"shootBigSmoke"
			   "splashDamageRadius":25,
	           "splashDamage":8,
}
	}

}
