{
	"type": "FlyingUnit",
	"name": "巡航导弹",
	"description": "载有少量装甲的远程导弹",
	"speed": 0.8,
	"maxVelocity":6.750,
    "drag": 0.2,
	"flying": true,
	"hitsize": 2,
	"health": 80,
	"rotateWeapon": false,
 "range": 240,
	"engineOffset": 5.25,
	"engineSize":3,
	"mass":2,
	"attackLength": 40,
	"weapon": {
		"name": "u",
		"ignoreRotation": true,
		"length": 10,
		 "reload": 120,
    	"shots": 1,
		"alternate": false,
		 "bullet":{
		    "type":"BombBulletType"
			"splashDamageRadius": 80,
			"splashDamage":200,
			"speed": 4,
			"damage": 0,
			"bulletWidth": 0,
			"bulletHeight": 0,
			"shootEffect": "blastExplosion",
			"despawnEffect": "flakExplosionBig",
            "killShooter": true,
			"lifetime":10,
            "instantDisappear": true
		}
	}
}
