{
	"type":"GenericSmelter",
	"name":"子弹生产工厂",
	"description":"通过铁和猫碳生产子弹",
	"size":2,
	"flameColor":"FFFFFF",
	"outputItem":
		{"item":"ammo","amount":8},
	"consumes":{
		"power":5.0,
		"items":{
			"items":[
				{"item":"Fe","amount":3},
				{"item":"C90","amount":5}
			]
		}
	},
	"requirements":[
		{"item":"Fe","amount":500},
		{"item":"Fe-C","amount":150}
	],
	"hasItems":true,
	"craftTime":60,
	"health":1000,
	"itemCapacity":50,
	"research":"C90-Plant",
	"category":"crafting"
}