{
	"type":"GenericSmelter",
	"name":"放射性爆破混合工厂",
	"description":"别人家的豹混厂",
	"size":3,
	"outputItem":
		{"item":"blast-compound","amount":3},
	"consumes":{
		"power":3.0,
		"items":{
			"items":[
				{"item":"thorium","amount":2},
				{"item":"pyratite","amount":3}
				]
			}
		},
	"requirements":[
		{"item":"copper","amount":750},
		{"item":"lead","amount":500},
		{"item":"titanium","amount":200},
		{"item":"silicon","amount":150}
		],
	"craftTime":60,
	"health":900,
	"itemCapacity":50,
	"research":"blast-mixer",
	"category":"crafting"
}