{
	"type":"GenericSmelter",
	"name":"原子弹制造厂",
	"description":"制造原子弹弹头",
	"size":4,
	"flameColor":"FFFFFF",
	"outputItem":
		{"item":"bomb","amount":1},
	"consumes":{
		"power":60.0,
		"items":{
			"items":[
				{"item":"U-235","amount":10},
				{"item":"Pu-239","amount":5},
				{"item":"Fe","amount":10}
			]
		}
	},
	"requirements":[
		{"item":"Fe-C","amount":1200},
		{"item":"Mg-Al","amount":600}
	],
	"hasItems":true,
	"craftTime":900,
	"health":3500,
	"itemCapacity":50,
	"research":"C60-Plant",
	"category":"crafting"
}