{
	"type":"GenericCrafter",
	"name":"巨型金刚石冶炼厂",
	"description":"金刚石生产工厂",
	"size":6,
	"outputItem":
		{"item":"C60","amount":4},
	"consumes":{
		"power":20.5,
		"items":{
			"items":[
				{"item":"sand","amount":4},
				{"item":"C90","amount":8}
				]
			}
		},
	"requirements":[
		{"item":"Mg-Al","amount":2800},
		{"item":"Fe-C","amount":3200}
		],
	"hasItems":true,
	"craftTime":100,
	"health":2800,
	"itemCapacity":100,
	"research":"C60-Plant-z",
	"category":"crafting"
}