{
	"type":"GenericCrafter",
	"name":"大型金刚石冶炼厂",
	"description":"金刚石生产工厂",
	"size":5,
	"outputItem":
		{"item":"C60","amount":2},
	"consumes":{
		"power":15.5,
		"items":{
			"items":[
				{"item":"sand","amount":2},
				{"item":"C90","amount":6}
				]
			}
		},
	"requirements":[
		{"item":"Mg-Al","amount":2500},
		{"item":"Fe-C","amount":3000}
		],
	"hasItems":true,
	"craftTime":150,
	"health":2500,
	"itemCapacity":80,
	"research":"C60-Plant",
	"category":"crafting"
}