{
	"type":"GenericSmelter",
	"name":"巨型猫碳合成工厂",
	"description":"通过煤和石墨来合成C90猫碳",
	"size":5,
	"outputItem":
		{"item":"C90","amount":8},
	"consumes":{
		"power":10.5,
		"items":{
			"items":[
				{"item":"coal","amount":8},
				{"item":"graphite","amount":6}
				]
			}
		},
	"requirements":[
		{"item":"Fe","amount":4500}
		],
	"hasItems":true,
	"craftTime":10,
	"health":2400,
	"itemCapacity":100,
	"category":"crafting",
	"research":"C90-Plant-z"
}