{
	"type":"GenericSmelter",
	"name":"大型猫碳合成工厂",
	"description":"通过煤和石墨来合成C90猫碳",
	"size":4,
	"outputItem":
		{"item":"C90","amount":4},
	"consumes":{
		"power":5.0,
		"items":{
			"items":[
				{"item":"coal","amount":5},
				{"item":"graphite","amount":3}
				]
			}
		},
	"requirements":[
		{"item":"Fe","amount":2500}
		],
	"hasItems":true,
	"craftTime":30,
	"health":1800,
	"itemCapacity":80,
	"category":"crafting",
	"research":"C90-Plant"
}