{
	"type":"GenericCrafter",
	"name":"精炼猫碳工厂",
	"description":"精炼猫碳生产工厂",
	"size":4,
	"outputItem":
		{"item":"C902","amount":1},
	"consumes":{
		"power":7.5,
		"items":{
			"items":[
				{"item":"C90","amount":5},
				{"item":"U","amount":1}
				]
			}
		},
	"requirements":[
		{"item":"Mg-Al","amount":600},
		{"item":"Fe-C","amount":1200}
		],
	"hasItems":true,
	"craftTime":1,
	"health":1700,
	"itemCapacity":100,
	"research":"C90-Plant",
	"category":"crafting"
}