{
	"type":"GenericCrafter",
	"name":"大型精炼猫碳工厂",
	"description":"精炼猫碳生产工厂",
	"size":5,
	"outputItem":
		{"item":"C902","amount":2},
	"consumes":{
		"power":10.5,
		"items":{
			"items":[
				{"item":"C90","amount":8},
				{"item":"U","amount":2}
				]
			}
		},
	"requirements":[
		{"item":"Mg-Al","amount":800},
		{"item":"Fe-C","amount":1800}
		],
	"hasItems":true,
	"craftTime":1,
	"health":2100,
	"itemCapacity":100,
	"research":"C902-Plant",
	"category":"crafting"
}