{
	"type":"GenericSmelter",
	"name":"煤炭分离机",
	"description":"别人家的煤场",
	"size":3,
	"outputItem":
		{"item":"coal","amount":8},
	"consumes":{
		"power":3.0,
		"items":{
			"items":[
				{"item":"spore-pod","amount":3}
				]
			}
		},
	"requirements":[
		{"item":"copper","amount":750},
		{"item":"lead","amount":500},
		{"item":"titanium","amount":200},
		{"item":"silicon","amount":150}
		],
	"craftTime":60,
	"health":900,
	"itemCapacity":50,
	"research":"spore-press",
	"category":"crafting"
}