{
	"name":"指挥中心",
	"type":"OverdriveProjector",
	"description":"可以说是3级qwq[red]【本方块严重掉帧，请适当使用】",
	"color":"FF0000",
	"phase":"9F79EE",
	"health":15000,
	"size":6,
	"range":10000,
	"reload":60,
	"speedBoost":35.0,
	"speedBoostPhase":10,
	"useTime":120,
	"phaseRangeBoost":80,
	"hasItems":true,
	"hasPower":true,
	"hasLiquids":true,
	"liquidCapacity":100,
	"consumes": {
		"power":35.0,
        "liquid": {
			"liquid":"yj", 
			"amount":0.08,
			"booster":true,
			"optional":true
		}
	},
	"requirements":[
		{"item":"Mg-Al","amount":6000},
		{"item":"Fe-C","amount":10000},
		{"item":"Ti+","amount":3000},
		{"item":"Pu-239","amount":500}
	],
	"research": "cs-z",
	"category":"effect"
}