{
	"name": "大型金刚石钻头",
	"description": "4级钻头",
	"type": "Drill",
	"size": 7,
	"tier": 8,
	"drillTime":0.9,
	"drillEffect":"none",
	"drawMineItem":true,
	"liquidBoostIntensity":60.5,
	"drawRim":true,
	"itemCapacity":500,
	"liquidCapacity":250,
	"rotateSpeed":4.5,
	"warmupSpeed":0.05,
	"research":"drill-v",
	"consumes": {
		"power": 150.5,
		"liquid": {"liquid":"O2y","amount":0.0258,"optional":true}
	},
	"requirements": [
		{ "item": "C60", "amount":50},
		{ "item": "Ti+", "amount":900},
		{ "item": "Fe-C", "amount":1850},
		{ "item": "Mg-Al", "amount":1450}
	],
	"category": "production"
}