{
	"name": "铁制钻头",
	"description": "1级钻头",
	"type": "Drill",
	"size": 3,
	"tier": 4,
	"drillTime":35,
	"drillEffect":"formsmoke",	
	"drawMineItem":true,
	"liquidBoostIntensity":2.5,
	"drawRim":true,
	"itemCapacity":20,
	"liquidCapacity":50,
	"rotateSpeed":6,
	"warmupSpeed":0.01,
	"research":"schxckj",
	"consumes": {
		"power": 5.0,
		"liquid": {"liquid":"O2y","amount":0.0001,"optional":true}
	},
	"requirements": [
		{ "item": "Fe", "amount":450}
	],
	"category": "production"
}