{
	"name": "离子钻头",
	"description": "5级钻头",
	"type": "Drill",
	"size": 8,
	"tier": 9,
	"drillTime":0.1,
	"drillEffect":"none",
	"drawMineItem":true,
	"liquidBoostIntensity":110.5,
	"drawRim":true,
	"itemCapacity":2000,
	"liquidCapacity":100,
	"rotateSpeed":3.5,
	"warmupSpeed":0.06,
	"research":"drill-v-v",
	"consumes": {
		"power": 250.5,
		"liquid": {"liquid":"yj","amount":0.02,"optional":true}
	},
	"requirements": [
		{ "item": "C60", "amount":350},
		{ "item": "Ti+", "amount":1800},
		{ "item": "Fe-C", "amount":3200},
		{ "item": "xvx-ai", "amount":80},
		{ "item": "xvx-nqwz", "amount":30},
		{ "item": "Mg-Al", "amount":2500}
	],
	"category": "production"
}