{
	"type": "Floor",
	"name": "废土[辐射低]",
	"description":"被辐射过的地板,有辐射性",
	"solid":false,
	"solidifes":false,
	"rotate":false,
	"breakable":false,
	"rebuildable":false,
	"placeableOn":true,
	"destructible":false,
	"floating":false,
	"size":1,
	"targetable":false,
	"dragMultiplier":0.1,
	"speedMultiplier":0.01,
	"variants":3,
	"oreDefault":false,
	"playerUnmineable":false,
	"isLiquid":true,
	"damageTaken":0.1,
	"walkEffect":"reactorsmoke",
	"drownUpdateEffect":"reactorsmoke",
	"status":"melting",
	"statusDuration":600,
	"speedMultiplier":0.9,
	"armorMultiplier":0.9,
	"damage":1,
	"effect":"melting"
}