{
	"type": "Floor",
	"name": "废土[辐射高]",
	"description":"被辐射过的地板,有辐射性",
	"solid":false,
	"solidifes":false,
	"rotate":false,
	"breakable":false,
	"rebuildable":false,
	"placeableOn":true,
	"destructible":false,
	"floating":false,
	"size":1,
	"targetable":false,
	"dragMultiplier":1,
	"speedMultiplier":0.2,
	"variants":3,
	"oreDefault":false,
	"playerUnmineable":false,
	"isLiquid":true,
	"damageTaken":10,
	"walkEffect":"reactorsmoke",
	"drownUpdateEffect":"reactorsmoke",
	"status":"melting",
	"statusDuration":750,
	"speedMultiplier":0.3,
	"armorMultiplier":0.3,
	"damage":15,
	"effect":"melting"
}