{
	"type":"burnerGenerator",
	"name":"精炼钚反应堆",
	"description":"通过钚产生的热能来发电",
	"size":4,
	"consumes":{
		"liquid":{"liquid":"Wa","amount":5},
		"items":{
			"items":[
				{"item":"Pu-239","amount":1},
			]
		}
	},
	"requirements":[
		{"item":"Fe-C","amount":1600},
		{"item":"Mg-Al","amount":1300},
		{"item":"Ti+","amount":1000}
	],
	"health":4000,
	"heatColor":"FF0000",
	"powerProduction":700,
	"itemDuration":1800,
	"itemCapacity":1000,
	"liquidCapacity":10000,
	"canOverdrive":false,
	"hasItems":true,
	"research":"fission",
	"baseExplosiveness":80,
	"category":"power"
}