{
	"type":"GenericSmelter",
	"name":"浮游弹制作工厂",
	"description":"制造浮游弹",
	"size":3,
	"flameColor":"63B8FF",
	"outputItem":
		{"item":"fy","amount":1},
	"consumes":{
		"power":3.0,
		"items":{
			"items":[
				{"item":"bd","amount":5},
				{"item":"C90","amount":2},
				{"item":"Fe-C","amount":3},
				{"item":"H2","amount":1},
			]
		}
	},
	"requirements":[
		{"item":"Fe-C","amount":1500},
		{"item":"Ti+","amount":900}
	],
	"hasItems":true,
	"craftTime":60,
	"health":2800,
	"itemCapacity":50,
	"research":"bd-Plant",
	"category":"crafting"
}