{
	"type": "Wall",
	"name": "MOD等级五:明日",
	"description": "时间一点点的过去了,A国打下了50%的C国领土,又过了很久很久,当A国打下99%的领土,C国反攻了,C国拉帮结派导致整个世界都与A国为敌,没过多久,C国边境布满了敌军,他们满的向C国首都前进,一路上杀了很多很多A国士兵,当A国科学家找到C国的秘密研究基地,他们找到C国用扭曲物质研究出来的时光机,但是它需要阳光充能,A国即刻召集所有士兵守卫时光机到早上......",
	"size": 2,
	"health":36000,
	"category": "defense",
	"research":"ghblWall-v",
	"requirements": [
		{ "item": "ghbl", "amount":2400}
	]
}