{
	"type":"GenericSmelter",
	"name":"大型强化玻璃制作工厂",
	"description":"制造强化玻璃",
	"flameColor":"FF0000",
	"size":3,
	"outputItem":
		{"item":"ghbl","amount":2},
	"consumes":{
		"power":5.0,
		"items":{
			"items":[
				{"item":"Fe-C","amount":8},
				{"item":"metaglass","amount":4}
				]
			}
		},
	"requirements":[
		{"item":"Mg","amount":900},
		{"item":"Fe-C","amount":500}
	],
	"hasItems":true,
	"craftTime":40,
	"health":600,
	"itemCapacity":50,
	"research":"ghbl-Plant",
	"category":"crafting"
}