{
	"type": "Wall",
	"name":"MOD等级六:回潮",
	"description":"时间一点点的过去了,马上就到早上了,外面打的水深火热,A国士兵狼狈不堪的在坚守者,又过了很久很久,时光机充能马上就可以完成了,最后当敌军攻进来以后,时光机启动了,A国士兵全回到十几年前,并且拥有先进技术的他们,准备攻下整个世界......[red]PS:原本贴图是动态的,但是js冲突导致无效果了",
	"category":"defense",
	"size":2,
	"health":58425,
	"research":"ghblWall-b",
	"requirements":[
		{ "item": "ghbl", "amount":3895}
	]
}