{
	"type": "Separator",
	"name": "氘氚分离工厂",
	"description": "分离氘氚的工厂",
	"flameColor":"1874CD",
    "health":1800,
	"itemCapacity":2500,
	"liquidCapacity":500,
	"size":5,
	"hasItems":true,
	"hasPower":true,
	"hasLiquids":true,
	"craftTime":5,
	"spinnerLength":0,
	"spinnerRadius":0,
	"spinnerThickness":0,
	"spinnerSpeed":0,
	"consumes": {
		"power":20.0,
		"liquid":{"liquid":"H2y","amount":3}
	},
    "results": [
        { "item": "Hc", "amount":20},
		{ "item": "Hd", "amount":1000},
    ],
	"requirements": [
		{"item":"Fe","amount":1600},
		{"item":"Fe-C","amount":900},
		{"item":"Mg-Al","amount":350},
	],
	"research":"H-Plant-x",
	"category": "crafting"
}