{
	"type": "Separator",
	"name": "大型电解水工厂",
	"description": "H2和O2工厂",
	"flameColor":"1874CD",
    "health":1300,
	"itemCapacity":500,
	"liquidCapacity":250,
	"size":4,
	"hasItems":true,
	"hasPower":true,
	"hasLiquids":true,
	"craftTime":1,
	"spinnerLength":0,
	"spinnerRadius":0,
	"spinnerThickness":0,
	"spinnerSpeed":0,
	"canOverdrive":false,
	"consumes": {
		"power":15.0,
		"liquid":{"liquid":"water","amount":2.5}
	},
    "results": [
        { "item": "H2", "amount":2},
        { "item": "O2", "amount":1},
    ],
	"requirements": [
		{"item":"Fe","amount":800},
		{"item":"Fe-C","amount":450},
		{"item":"Mg-Al","amount":80},
	],
	"research":"H-Plant",
	"category": "crafting"
}