{
	"type": "Separator",
	"name": "电解水工厂",
	"description": "H2和O2工厂",
	"flameColor":"1874CD",
    "health":1000,
	"itemCapacity":200,
	"liquidCapacity":100,
	"size":3,
	"hasItems":true,
	"hasPower":true,
	"hasLiquids":true,
	"craftTime":5,
	"spinnerLength":0,
	"spinnerRadius":0,
	"spinnerThickness":0,
	"spinnerSpeed":0,
	"canOverdrive":false,
	"consumes": {
		"power":10.0,
		"liquid":{"liquid":"water","amount":3}
	},
    "results": [
        { "item": "H2", "amount":2},
        { "item": "O2", "amount":1},
    ],
	"requirements": [
		{"item":"Fe","amount":500},
		{"item":"Fe-C","amount":250},
		{"item":"Mg-Al","amount":50},
	],
	"research":"Mg-Al-Plant",
	"category": "crafting"
}