{
	"type": "GenericSmelter",
	"name": "氢气固化机",
	"description": "形态转化固态", 
	"itemCapacity":50,
	"liquidCapacity":250,
	"outputItem":
		{"item":"H2","amount":1},
	"size":2,
	"health":700,
	"hasPower": true,
	"hasLiquids": true,
	"hasItems": true,
	"craftTime":20,
	"consumes": {
		"power":3.0,
		"liquid":{"liquid":"H2y","amount":1}
	},
	"requirements": [
		{"item":"Mg","amount":180},
		{"item":"Al","amount":450}
	],
	"category": "crafting",		
	"research":"H2-Plant"
}