{
	"type":"ForceProjector",
	"name":"电磁震荡盾",
	"health":500,
	"size":1,
	"radius":100,
	"breakage":1,
	"phaseUseTime":240,
	"phaseRadiusBoost":50,
	"cooldownNormal":10,
	"cooldownLiquid":20,
	"cooldownBrokenBase":5,
	"basePowerDraw":8.0,
	"consumes":{
		"power":10.0,
		"items":{
			"items":[
				{"item":"ghbl","amount":1}
			],
			"booster":true,
			"optional":true
		}
	}
	"requirements":[
		{"item":"Mg-Al","amount":100},
		{"item":"C60","amount":10},
		{"item":"Ti+","amount":25},
		{"item":"W","amount":50},
	],
	"itemCapacity":50,
	"research": "C60-Plant",
	"category": "effect"
}