{
	"type":"ForceProjector",
	"name":"基地能量盾",
	"health":50000,
	"size":6,
	"radius":5000,
	"breakage":1000000,
	"phaseUseTime":300,
	"phaseRadiusBoost":50,
	"cooldownNormal":0.1,
	"cooldownLiquid":0.5,
	"cooldownBrokenBase":0.05,
	"basePowerDraw":80.0,
	"consumes":{
		"power":160.0,
		"items":{
			"items":[
				{"item":"xvx-nqwz","amount":3}
			],
			"booster":true,
			"optional":false
		}
	}
	"requirements":[
		{"item":"C60","amount":2000},
		{"item":"U-235","amount":250},
		{"item":"Ti+","amount":1000},
		{"item":"Pu-239","amount":100}
	],
	"itemCapacity":250,
	"research": "hd-z",
	"category": "effect"
}