{
	"type":"ForceProjector",
	"name":"小型能量盾",
	"health":1000,
	"size":2,
	"radius":120,
	"breakage":5000,
	"phaseUseTime":600,
	"phaseRadiusBoost":200,
	"cooldownNormal":7,
	"cooldownLiquid":15,
	"cooldownBrokenBase":3,
	"basePowerDraw":1.0,
	"consumes":{
		"power":2.0,
		"items":{
			"items":[
				{"item":"xvx-nqwz","amount":1}
			],
			"booster":true,
			"optional":true
		}
	}
	"requirements":[
		{"item":"Mg-Al","amount":80},
		{"item":"Fe-C","amount":100},
		{"item":"Ti+","amount":50},
		{"item":"Fe","amount":150}
	],
	"itemCapacity":35,
	"research": "Ti+Plant",
	"category": "effect"
}