{
	"name": "核地雷",
	"description": "爆炸对全图包括队友和敌人的实体进行8000的攻击[red]冲击波无法对建筑物攻击",
	"type": "NuclearReactor",
	"health":10000,
	"size":4,
	"itemDuration":999999999,
	"heating":0.001,
	"smokeThreshold":0.5,
	"flashThreshold":0.8,
	"explosionRadius":99999,
	"explosionDamage":8000,
	"coolantPower":10,
	"powerProduction":0,
	"baseExplosiveness":500,
	"itemCapacity":1,
	"liquidCapacity":10,
	"hotColor":"FF0000",
	"consumes":{
		"liquid":{"liquid":"Wa","amount":0.002},
		"items":{
			"items":[
				{"item":"Pu-239","amount":1},
			]
		}
	},
	"requirements": [
		{ "item": "U", "amount":120 },
		{ "item": "U-235", "amount": 60 },
		{ "item": "Pu-239", "amount": 10 },
		{ "item": "Pu", "amount":30},
		{ "item": "C90", "amount":290},
	],
	"category": "effect",
	"research": "Pu-239-Plant"
}