{
    "type": "burnerGenerator",
    "name": "氢聚变反应堆",
    "description": "通过氢聚变为铁的过程中产生的热能获取能量",
    "size": 8,
    "consumes": {
		"liquid":{"liquid":"Wa","amount":10},
        "items": {
            "items": [
                {"item": "H2","amount": 500}
            ]
        }
    },
    "requirements": [
        {"item": "Fe-C","amount": 16000},
        {"item": "Mg-Al","amount": 13000},
        {"item": "Ti+","amount": 10000},
        {"item": "xvx-ai","amount": 5}
    ],
    "health": 150000,
    "heatColor": "E0FFFF",
	"liquidCapacity":100000,
    "powerProduction":1400,
    "itemDuration":25,
    "itemCapacity":5000,
    "hasItems": true,
	"canOverdrive":false,
    "research": "fusion",
	"baseExplosiveness":280,
    "category": "power"
}