{
	"type": "Floor",
	"name": "极寒之冰",
	"description":"站在上面会感受到极度的寒冷",
	"attributes":{"array":[0,0,25,0]},
	"solid":false,
	"solidifes":false,
	"rotate":false,
	"breakable":false,
	"rebuildable":false,
	"placeableOn":true,
	"destructible":false,
	"floating":true,
	"size":1,
	"targetable":false,
	"variants":3,
	"oreDefault":false,
	"playerUnmineable":false,
	"isLiquid":true,
	"damageTaken":5.5,
	"dragMultiplier":3,
	"speedMultiplier":0.5,
	"drownUpdateEffect":"freezing",
	"updateEffect":"freezing",
	"walkEffect":"freezing",
	"status":"freezing",
	"statusDuration":1000,
	"speedMultiplier":0.05,
	"armorMultiplier":0.05,
	"effect":"freezing"
}