{
    "type": "NuclearReactor",
    "name": "猫碳发电机三型",
    "description": "用更多精炼猫碳发电",
    "size": 7,
    "consumes": {
		"liquid":{"liquid":"Wa","amount":5},
        "items": {
            "items": [
                {"item": "C902","amount": 12}
            ]
        }
    },
    "requirements": [
        {"item": "C60","amount": 900},
        {"item": "Mg-Al","amount": 3400},
        {"item": "Ti+","amount": 1200},
        {"item": "xvx-ai","amount": 3}
    ],
    "health":35000,
    "hotColor":"FF3030",
	"lightColor":"7f19ea",
	"liquidCapacity":1000,
    "powerProduction":3500,
    "itemDuration":30,
    "itemCapacity":500,
	"canOverdrive":false,
    "hasItems": true,
	"heating":0.03,
	"smokeThreshold":0.6,
	"flashThreshold":0.8,
	"coolantPower":1.5,
    "research": "KZ-1",
	"explosionRadius":1800,
	"explosionDamage":6500,
	"baseExplosiveness":1000,
    "category": "power"
}