{
    "type": "ImpactReactor",
    "name": "扭曲物质发电机二型",
    "description": "终极发电机",
    "size":5,
    "consumes": {
		"power":250.0,
		"liquid":{"liquid":"Wa","amount":20},
        "items": {
            "items": [
                {"item": "xvx-nqwz","amount": 2}
            ]
        }
    },
    "requirements": [
        {"item": "C60","amount": 1200},
        {"item": "Mg-Al","amount": 6200},
        {"item": "Ti+","amount": 2700},
        {"item": "xvx-ai","amount": 8}
    ],
    "health":65000,
	"warmupSpeed":0.001,
	"plasmas":4,
	"liquidCapacity":10000,
    "powerProduction":18500,
    "itemDuration":150,
    "itemCapacity":50,
	"canOverdrive":false,
    "hasItems":true,
    "research":"KZ-3",
	"explosionRadius":50000,
	"explosionDamage":24000,
	"baseExplosiveness":5000,
	"plasma1":"836FFF",
	"plasma2":"8968CD",
	"plasma3":"8A2BE2",
	"plasma4":"7D26CD",
    "category":"power"
}