{
	"name": "轰炸机工厂",
	"description": "生产轰炸机",
	"type": "UnitFactory",
	"unitType": "zdj",
	"size":3,
	"maxSpawn":1,
	"produceTime":120,
	"hasItems":true,
	"hasPower":true,
	"hasLiquids":false,
	"itemCapacity":50,
	"consumes": {
		"power":8.0,
		"items":{
			"items":[
				{"item":"xvx-ai","amount":15},
				{"item":"xvx-nqwz","amount":5},
			]
		}
	},
	"category": "units",
	"research": "xvx-kwj2-Plant",
	"requirements": [
		{ "item": "C60", "amount":800},
		{ "item": "Mg-Al", "amount":3500},
		{ "item": "xvx-ai", "amount":25},
	]
}