{
	"type":"GenericSmelter",
	"name":"玻璃冶炼厂",
	"description":"别人家的玻璃厂",
	"size":3,
	"outputItem":
		{"item":"metaglass","amount":5},
	"consumes":{
		"power":3.0,
		"items":{
			"items":[
				{"item":"coal","amount":1},
				{"item":"sand","amount":3}
				]
			}
		},
	"requirements":[
		{"item":"copper","amount":750},
		{"item":"lead","amount":500},
		{"item":"titanium","amount":200},
		{"item":"silicon","amount":150}
		],
	"craftTime":60,
	"health":900,
	"itemCapacity":50,
	"research":"kiln",
	"category":"crafting"
}