{
	"type":"GenericCrafter",
	"name":"大型镁铝合金工厂",
	"description":"制造镁铝合金",
	"size":4,
	"outputItem":
		{"item":"Mg-Al","amount":2},
	"consumes":{
		"power":10.0,
		"items":{
			"items":[
				{"item":"Mg","amount":3},
				{"item":"Al","amount":2}
				]
			}
		},
	"requirements":[
		{"item":"Mg","amount":3000},
		{"item":"Fe-C","amount":1500}
		],
	"hasItems":true,
	"craftTime":120,
	"health":1500,
	"itemCapacity":80,
	"research":"Mg-Al-Plant",
	"category":"crafting"
}