{
	"type":"GenericCrafter",
	"name":"巨型镁铝合金工厂",
	"description":"制造镁铝合金",
	"size":5,
	"outputItem":
		{"item":"Mg-Al","amount":4},
	"consumes":{
		"power":20.5,
		"items":{
			"items":[
				{"item":"Mg","amount":4},
				{"item":"Al","amount":4}
				]
			}
		},
	"requirements":[
		{"item":"Mg","amount":3500},
		{"item":"Fe-C","amount":2400}
		],
	"hasItems":true,
	"craftTime":60,
	"health":1900,
	"itemCapacity":100,
	"research":"Mg-Al-Plant-z",
	"category":"crafting"
}