{
	"type":"GenericSmelter",
	"name":"防空导弹制造厂",
	"description":"制造防空导弹",
	"size":3,
	"flameColor":"FFFFFF",
	"outputItem":
		{"item":"missile","amount":1},
	"consumes":{
		"power":5.0,
		"items":{
			"items":[
				{"item":"Mg-Al","amount":5},
				{"item":"C90","amount":8}
			]
		}
	},
	"requirements":[
		{"item":"Fe-C","amount":600},
		{"item":"Mg-Al","amount":400}
	],
	"hasItems":true,
	"hasPower":true,
	"craftTime":120,
	"health":1450,
	"itemCapacity":50,
	"research":"C90-Plant",
	"category":"crafting"
}