{
	"type":"GenericSmelter",
	"name":"穿甲导弹生产工厂",
	"description":"生产穿甲导弹",
	"size":3,
	"flameColor":"FFFFFF",
	"outputItem":
		{"item":"missile2","amount":1},
	"consumes":{
		"power":10.0,
		"items":{
			"items":[
				{"item":"C60","amount":3},
				{"item":"Ti+","amount":3},
				{"item":"C90","amount":8}
				]
			}
		},
	"requirements":[
		{"item":"Fe","amount":450},
		{"item":"Mg","amount":200},
		{"item":"Al","amount":180}
		],
	"hasItems":true,
	"craftTime":210,
	"health":1800,
	"itemCapacity":50,
	"research":"missile-Plant",
	"category":"crafting"
}