{
	"type":"GenericSmelter",
	"name":"氚弹导弹装配厂",
	"description":"为弹道导弹装配氚弹头",
	"size":5,
	"flameColor":"FFFFFF",
	"outputItem":
		{"item":"missile5","amount":1},
	"consumes":{
		"power":35.5,
		"items":{
			"items":[
				{"item":"bomb2","amount":1},
				{"item":"O2","amount":20},
				{"item":"missile3","amount":1}
			]
		}
	},
	"requirements":[
		{"item":"Fe","amount":450},
		{"item":"Mg","amount":300},
		{"item":"Al","amount":300}
	],
	"hasItems":true,
	"craftTime":600,
	"health":2800,
	"itemCapacity":50,
	"research":"bomb2-Plant",
	"category":"crafting"
}