{
	"type":"Cultivator",
	"name":"煤炭提取厂",
	"description":"从地底提取石油,转化而成",
	"size":4,
	"outputItem":
		{"item":"coal","amount":10},
	"consumes":{
		"power":15.0
	},
	"requirements":[
		{"item":"Fe-C","amount":800}
		{"item":"Mg-Al","amount":500}
		{"item":"ghbl","amount":1000}
	],
	"hasItems":true,
	"hasLiquids":false,
	"recurrence":5,
	"craftEffect":"purifyoil",
	"craftTime":120,
	"health":1800,
	"itemCapacity":500,
	"category":"crafting",
	"research":"ghbl-Plant"
}