{
	"type":"Cultivator",
	"name":"大型煤炭提取厂",
	"description":"从地底提取石油,转化而成",
	"size":5,
	"outputItem":
		{"item":"coal","amount":50},
	"consumes":{
		"power":50.0
	},
	"requirements":[
		{"item":"Fe-C","amount":1800}
		{"item":"Mg-Al","amount":900}
		{"item":"ghbl","amount":2600}
	],
	"hasItems":true,
	"hasLiquids":false,
	"recurrence":10,
	"craftEffect":"purifyoil",
	"craftTime":100,
	"health":2100,
	"itemCapacity":1000,
	"category":"crafting",
	"research":"mt-Plant"
}