{
	"type":"GenericSmelter",
	"name":"高温织布机",
	"description":"别人家的织布厂",
	"size":3,
	"outputItem":
		{"item":"phase-fabric","amount":2},
	"consumes":{
		"power":3.0,
		"items":{
			"items":[
				{"item":"thorium","amount":1},
				{"item":"coal","amount":3}
				]
			}
		},
	"requirements":[
		{"item":"copper","amount":750},
		{"item":"lead","amount":500},
		{"item":"titanium","amount":200},
		{"item":"silicon","amount":150}
		],
	"craftTime":60,
	"health":900,
	"itemCapacity":50,
	"research":"phase-weaver",
	"category":"crafting"
}