{
	"type":"burnerGenerator",
	"name":"猫碳发电机初代",
	"description":"通过燃烧猫碳来发电",
	"size":2,
	"consumes":{
		"liquid":{"liquid":"Wa","amount":0.1},
		"items":{
			"items":[
				{"item":"C90","amount":1}
			]
		}
	},
	"requirements":[
		{"item":"Fe-C","amount":450},
		{"item":"Mg","amount":280}
	],
	"health":650,
	"powerProduction":80,
	"itemDuration":60,
	"itemCapacity":15,
	"liquidCapacity":500,
	"hasItems":true,
	"research":"CG-2",
	"category":"power"
}