{
	"type":"GenericCrafter",
	"name":"大型钚精炼厂",
	"description":"提炼钚-239",
	"size":5,
	"outputItem":
		{"item":"Pu-239","amount":4},
	"consumes":{
		"power":10.5,
		"items":{
			"items":[
				{"item":"Pu","amount":8}
			]
		}
	},
	"requirements":[
		{"item":"Fe-C","amount":1550},
		{"item":"Mg-Al","amount":1100},
		{"item":"Ti+","amount":850}
	],
	"hasItems":true,
	"craftTime":240,
	"health":2600,
	"itemCapacity":50,
	"research":"Pu-239-Plant",
	"category":"crafting"
}