{
	"type":"GenericCrafter",
	"name":"大型钚提炼厂",
	"description":"提炼钚",
	"size":3,
	"outputItem":
		{"item":"Pu","amount":2},
	"consumes":{
		"power":10.0,
		"items":{
			"items":[
				{"item":"U","amount":8},
				{"item":"U-235","amount":2}
			]
		}
	},
	"requirements":[
		{"item":"Fe-C","amount":1200},
		{"item":"Mg-Al","amount":800},
		{"item":"Ti+","amount":650}
	],
	"hasItems":true,
	"craftTime":120,
	"health":2400,
	"itemCapacity":50,
	"research":"Pu-Plant",
	"category":"crafting"
}