{
	"type":"GenericCrafter",
	"name":"钚提炼厂",
	"description":"提炼钚",
	"size":2,
	"outputItem":
		{"item":"Pu","amount":1},
	"consumes":{
		"power":5.0,
		"items":{
			"items":[
				{"item":"U","amount":5},
				{"item":"U-235","amount":1}
			]
		}
	},
	"requirements":[
		{"item":"Fe-C","amount":850},
		{"item":"Mg-Al","amount":600},
		{"item":"Ti+","amount":400}
	],
	"hasItems":true,
	"craftTime":180,
	"health":1800,
	"itemCapacity":25,
	"research":"U-235-Plant",
	"category":"crafting"
}