{
	"type": "Separator",
	"name": "深层核心采矿机",
	"description": "挖入深层采集矿物",
    "health":20000,
	"itemCapacity":10000,
	"size":8,
	"liquidCapacity":500,
	"hasItems":true,
	"hasPower":true,
	"hasLiquids":true,
	"craftTime":0.01,
	"spinnerLength":9,
	"spinnerRadius":20,
	"spinnerThickness":1,
	"spinnerSpeed":0.5,
	"drillEffect":"commandSend",
	"consumes": {
		"power":80.0,
		"liquid": {"liquid":"water","amount":0.2,"booster":true}
	},
    "results": [
        { "item": "Al", "amount":200},
		{ "item": "k-Al", "amount":100},
        { "item": "Fe", "amount":160},
		{ "item": "k-Fe", "amount":80},
		{ "item": "Mg", "amount":60},
		{ "item": "k-Mg", "amount":30},
		{ "item": "U", "amount":2}
		{ "item": "k-U", "amount":1},
    ],
	"requirements": [
		{"item":"copper","amount":2500},
		{"item":"lead","amount":2000},
		{"item":"graphite","amount":1500},
		{"item":"titanium","amount":1000},
		{"item":"silicon","amount":800},
		{"item":"plastanium","amount":600},
		{"item":"surge-alloy","amount":300}
	],
	"category": "production",
	"research":"alloy-smelter"
}