{
	"type":"GenericSmelter",
	"name":"核聚变合金厂",
	"description":"别人家的合金厂",
	"size":3,
	"outputItem":
		{"item":"surge-alloy","amount":1},
	"consumes":{
		"power":3.0,
		"items":{
			"items":[
				{"item":"copper","amount":1},
				{"item":"lead","amount":1},
				{"item":"titanium","amount":1},
				{"item":"thorium","amount":1},
				{"item":"graphite","amount":1}
				]
			}
		},
	"requirements":[
		{"item":"copper","amount":750},
		{"item":"lead","amount":500},
		{"item":"titanium","amount":200},
		{"item":"silicon","amount":150}
		],
	"craftTime":60,
	"health":900,
	"itemCapacity":50,
	"research":"alloy-smelter",
	"category":"crafting"
}