{
	"type":"GenericSmelter",
	"name":"大型钛合金工厂",
	"description":"生产钛合金",
	"size":5,
	"outputItem":
		{"item":"Ti+","amount":2},
	"consumes":{
		"power":20.0,
		"items":{
			"items":[
				{"item":"Fe","amount":2},
				{"item":"titanium","amount":5}
				]
			}
		},
	"requirements":[
		{"item":"Fe-C","amount":7000},
		{"item":"Mg-Al","amount":3000}
		],
	"hasItems":true,
	"craftTime":120,
	"health":2000,
	"itemCapacity":80,
	"research":"Ti+Plant",
	"category":"crafting"
}