{
	"type":"GenericSmelter",
	"name":"钛合金工厂",
	"description":"生产钛合金",
	"size":4,
	"outputItem":
		{"item":"Ti+","amount":1},
	"consumes":{
		"power":8.0,
		"items":{
			"items":[
				{"item":"Fe","amount":1},
				{"item":"titanium","amount":3}
				]
			}
		},
	"requirements":[
		{"item":"Fe-C","amount":1250},
		{"item":"Mg-Al","amount":600}
		],
	"hasItems":true,
	"craftTime":120,
	"health":1680,
	"itemCapacity":30,
	"research":"C60-Plant",
	"category":"crafting"
}