{
	"type":"GenericCrafter",
	"name":"大型铀精炼厂",
	"description":"提炼铀-235",
	"size":4,
	"outputItem":
		{"item":"U-235","amount":2},
	"consumes":{
		"power":10.5,
		"items":{
			"items":[
				{"item":"U","amount":9}
			]
		}
	},
	"requirements":[
		{"item":"Fe-C","amount":2400},
		{"item":"Mg-Al","amount":1700},
		{"item":"Ti+","amount":900}
	],
	"hasItems":true,
	"craftTime":240,
	"health":2500,
	"itemCapacity":50,
	"research":"U-235-Plant",
	"category":"crafting"
}