{
	"type":"GenericSmelter",
	"name":"附火子弹加工厂",
	"description":"制作附火子弹",
	"size":3,
	"outputItem":
		{"item":"W-2","amount":1},
	"consumes":{
		"power":5.0,
		"items":{
			"items":[
				{"item":"W","amount":2},
				{"item":"C90","amount":3}
			]
		}
	},
	"requirements":[
		{"item":"Mg-Al","amount":300},
		{"item":"Fe-C","amount":500}
	],
	"hasItems":true,
	"craftTime":60,
	"health":1200,
	"itemCapacity":50,
	"research":"W-1-Plant",
	"category":"crafting"
}