{
	"type":"ArtilleryTurret",
	"name":"焰炮",
    "description":"攻击带火的炮塔",
	"size":4,
	"health":4000,
	"ammoPerShot":1,
	"range":450,
	"reload":300,
	"inaccuracy":0,
	"shots":1,
	"rotatespeed":2.8,
	"maxAmmo":100,
	"targetAir":true,
	"targetGround":true,
	"coolantMultiplier":10,
	"ammo":{
		"W-2":{
			"type":"ArtilleryBulletType",
			"bulletWidth":8,
			"bulletHeight":20,
			"speed":7,
			"damage":80,
			"ammoMultiplier":1,
			"inaccuracy":0,
			"hitSize":8,
			"pierce":false,
			"hitTiles":true,
			"hitEffect":"melting",
			"collidesTiles":true,
			"collidesTeam":false,
			"collidesAir":true,
			"collides":true,
			"keepVelocity":true,
			"reloadMultiplier":20,
			"splashDamage":45,
			"splashDamageRadius":25,
			"lifetime":500,
			"status":"melting",
			"speedMultiplier":0.8,
			"armorMultiplier":0.8,
			"damage":1,
			"effect":"melting",
			"statusDuration":600,
			"incendAmount":5,
			"incendSpread":30,
			"incendChance":100,
			"knockback":15,
			"trailEffect":"incendTrail"
		},
		"W-1":{
			"type":"ArtilleryBulletType",
			"bulletWidth":18,
			"bulletHeight":40,
			"speed":5.5,
			"damage":800,
			"ammoMultiplier":1,
			"inaccuracy":0,
			"hitSize":18,
			"pierce":true,
			"hitTiles":true,
			"hitEffect":"melting",
			"collidesTiles":true,
			"collidesTeam":false,
			"collidesAir":true,
			"collides":true,
			"keepVelocity":true,
			"splashDamage":500,
			"splashDamageRadius":100,
			"lifetime":500,
			"status":"melting",
			"speedMultiplier":0.5,
			"armorMultiplier":0.5,
			"damage":5,
			"effect":"melting",
			"statusDuration":1000,
			"incendAmount":100,
			"incendSpread":80,
			"incendChance":100,
			"knockback":45,
			"trailEffect":"incendTrail"
		}
	}
	"requirements": [
		{ "item":"Mg-Al","amount":1850},
		{ "item":"C60","amount":1000},
		{ "item":"W","amount":800},
		{ "item":"Ti+","amount":1350}
	],
	"category": "turret",
	"research": "W-1-Plant"
}