{
    "type":"SolidPump",
    "name":"巨型冰冻液制作器",
    "description": "提取水制作冰冻液[red]一体式",
    "size":5,
    "health":8000,
    "liquidCapacity":500,
	"result":"Wa",
	"updateEffect":"freezing",
	"updateEffectChance":1,
	"rotateSpeed":0.5,
	"pumpAmount":40,
	"attribute":"water",
	"consumes":{
		"power":180.0
	},
    "requirements": [
		{"item": "Ti+", "amount": 6500},
		{"item": "ghbl", "amount": 18000},
		{"item": "xvx-ai", "amount": 120}
	],
	"category": "crafting",
    "research":"xvx-b-v"
}