{
	"type":"PowerTurret",
	"name":"激光点防",
    "description":"防空利器",
	"size":1,
	"health":1000,
	"ammoPerShot":1,
	"range":1000,
	"reload":30,
	"inaccuracy":0,
	"shots":1,
	"rotatespeed":4.5,
	"maxAmmo":100,
	"targetAir":true,
	"targetGround":false,
	"coolantMultiplier":50,
	"powerUse":150.0,
	"burstSpacing":1,
	"shootType":{
		"type":"MissileBulletType",
		"backColor":"FF4500",
		"frontColor":"FF4500",
		"trailColor":"FF0000",
		"bulletWidth":3,
		"bulletHeight":30,
		"speed":10,
		"damage":250,
		"incendChance":100,
		"incendAmount":10,
		"incendSpread":5,
		"ammoMultiplier":1,
		"inaccuracy":0,
		"hitSize":12,
		"hitTiles":false,
		"collidesTiles":false,
		"collidesTeam":false,
		"collidesAir":true,
		"collides":true,
		"keepVelocity":true,
		"homingPower":0,
		"splashDamage":150,
		"splashDamageRadius":30,
		"lifetime":120,
		"homingRange":0
	},
	"requirements": [
		{ "item":"Fe-C","amount":1500},
		{ "item":"W","amount":1000},
		{ "item":"xvx-ai","amount":10},
		{ "item":"xvx-nqwz","amount":1},
		{ "item":"Mg-Al","amount":800}
	],
	"category": "turret",
	"research": "xvx-gzddt"
}