{
	"name": "巡航弹道导弹发射站",
	"description": "巡航弹道导弹",
	"type":"UnitFactory",
	"unitType":"xhdd",
	"size":4,
	"maxSpawn":100,
	"produceTime":100,
	"hasItems":true,
	"hasPower":true,
	"hasLiquids":false,
	"itemCapacity":100,
	"consumes": {
		"power":3.5,
		"items":{
			"items":[
				{"item":"missile3","amount":1},
				{"item":"C90","amount":50},
				{"item":"xvx-ai","amount":1},
			]
		}
	},
	"category": "units",
	"research": "xvx-rx2-Plant",
	"requirements": [
		{ "item": "C60", "amount":500},
		{ "item": "Mg-Al", "amount":3200},
		{ "item": "xvx-ai", "amount":10},
	]
}