{
	"type":"ArtilleryTurret",
	"name":"喷火器",
    "description":"燃烧也是艺术",
	"size":2,
	"health":1500,
	"ammoPerShot":1,
	"range":90,
	"reload":1,
	"inaccuracy":0,
	"shots":5,
	"rotatespeed":5.5,
	"maxAmmo":100,
	"targetAir":false,
	"targetGround":true,
	"coolantMultiplier":50,
	"ammo":{
		"C90":{
			"type":"ArtilleryBulletType",
			"trailEffect":"incendTrail",
			"bulletWidth":1,
			"bulletHeight":5,
			"speed":9,
			"damage":45,
			"ammoMultiplier":10,
			"inaccuracy":0,
			"hitSize":1,
			"lifetime":120,
			"pierce":true,
			"collidesTiles":true,
			"collidesTeam":false,
			"collidesAir":false,
			"collides":true,
			"incendAmount":10,
			"incendSpread":25,
			"incendChance":100,
			"status":"melting",
			"speedMultiplier":0.6,
			"armorMultiplier":0.6,
			"damage":8,
			"effect":"melting",
			"statusDuration":1200,
			"keepVelocity":true
		},
		"xvx-nqwz":{
			"type":"ArtilleryBulletType",
			"trailEffect":"incendTrail",
			"bulletWidth":3,
			"bulletHeight":8,
			"lifetime":120,
			"speed":10,
			"damage":3500,
			"ammoMultiplier":20,
			"inaccuracy":0,
			"hitSize":3,
			"pierce":true,
			"collidesTiles":true,
			"collidesTeam":false,
			"collidesAir":false,
			"collides":true,
			"incendAmount":250,
			"incendSpread":600,
			"incendChance":100,
			"status":"melting",
			"speedMultiplier":0.25,
			"armorMultiplier":0.25,
			"damage":288,
			"effect":"melting",
			"statusDuration":6000,
			"keepVelocity":true
		}
	}
	"requirements": [
		{ "item":"Fe","amount":700},
		{ "item":"Al","amount":800},
		{ "item":"Mg","amount":400}
	],
	"category": "turret",
	"research": "W-3"
}