{
	"name": "维修飞机生产工厂",
	"description": "超强维修",
	"type": "UnitFactory",
	"unitType": "xvx-wxj",
	"size":2,
	"maxSpawn":25,
	"produceTime":60,
	"hasItems":true,
	"hasPower":true,
	"hasLiquids":false,
	"itemCapacity":60,
	"consumes": {
		"power":5.0,
		"items":{
			"items":[
				{"item":"xvx-ai","amount":2},
			]
		}
	},
	"category": "units",
	"research": "xvx-kwj-Plant",
	"requirements": [
		{ "item": "C60", "amount":100},
		{ "item": "Mg-Al", "amount":800},
		{ "item": "xvx-ai", "amount":8},
	]
}