{
	"name": "AI自动战斗机",
	"description": "人工智能战斗机",
	"type":"UnitFactory",
	"unitType":"rx2",
	"size":3,
	"maxSpawn":15,
	"produceTime":120,
	"hasItems":true,
	"hasPower":true,
	"hasLiquids":false,
	"itemCapacity":50,
	"consumes": {
		"power":5.5,
		"items":{
			"items":[
				{"item":"Ti+","amount":30},
				{"item":"xvx-ai","amount":20},
			]
		}
	},
	"category": "units",
	"research": "xvx-kwj2-Plant",
	"requirements": [
		{ "item": "C60", "amount":200},
		{ "item": "Mg-Al", "amount":2000},
		{ "item": "xvx-ai", "amount":5},
	]
}