{
	"type":"ArtilleryTurret",
	"name":"防空炮",
    "description":"一个比较厉害的防空炮",
	"size":3,
	"health":2000,
	"ammoPerShot":1,
	"range":300,
	"reload":60,
	"inaccuracy":0,
	"shots":1,
	"rotatespeed":4,
	"maxAmmo":50,
	"targetAir":true,
	"targetGround":false,
	"coolantMultiplier":20,
	"ammo":{
		"bullet2":{
			"type":"ArtilleryBulletType",
			"bulletWidth":15,
			"bulletHeight":30,
			"speed":7.5,
			"damage":100,
			"ammoMultiplier":1,
			"inaccuracy":0,
			"hitSize":15,
			"pierce":true,
			"hitTiles":false,
			"hitEffect":"flakExplosionBig",
			"trailEffect":"artilleryTrail",
			"collidesTiles":false,
			"collidesTeam":false,
			"collidesAir":true,
			"collides":true,
			"keepVelocity":true,
			"fragBullets":10,
			"fragVelocityMin":1,
			"fragVelocityMax":1,
			"fragBullet":{
				"type":"FlakBulletType"
				"bulletWidth":3,
				"bulletHeight":8,
				"damage":50,
				"splashDamage":10,
				"splashDamageRadius":10,
				"explodeRange":50,
				"speed":7.5,
				"hitSize":3,
				"lifetime":5,
				"pierce":false,
				"hitTiles":false,
				"collidesTiles":false,
				"collidesTeam":true,
				"collidesAir":true,
				"collides":true,
				"keepVelocity":true,
				"hitEffect":"plasticExplosionFlak"
			}
		}
	}
	"requirements": [
		{ "item":"Fe","amount":900},
		{ "item":"Al","amount":1250},
		{ "item":"Mg","amount":500}
	],
	"category": "turret",
	"research": "xvx-hp"
}