{
	"type":"ArtilleryTurret",
	"name":"大型导弹发射器",
    "description":"发射大型导弹的发射器",
	"size":8,
	"health":50000,
	"ammoPerShot":1,
	"range":100000,
	"reload":1800,
	"inaccuracy":0,
	"shots":1,
	"rotatespeed":0.2,
	"maxAmmo":3,
	"targetAir":true,
	"targetGround":true,
	"ammo":{
		"Bhd":{
			"type":"BasicBulletType",
			"bulletSprite":"[#adff2f]核威慑-44",
			"bulletWidth":200,
			"bulletHeight":200,
			"speed":0.5,
			"damage":1000,
			"ammoMultiplier":1,
			"inaccuracy":0,
			"hitSize":200,
			"splashDamage":200,
			"splashDamageRadius":99999,
			"pierce":false,
			"hitTiles":true,
			"collidesTiles":true,
			"collidesTeam":false,
			"collidesAir":true,
			"collides":true,
			"lifetime":10000,
			"keepVelocity":true,
			"status":"freezing",
			"speedMultiplier":0.0001,
			"armorMultiplier":0.0001,
			"effect":"freezing",
			"statusDuration":9999,
			"homingPower":99999,
			"homingRange":99999,
			"incendAmount":10000,
			"incendSpread":1000000,
			"incendChance":100,
			"fragBullets":1000,
			"fragVelocityMin":2,
			"fragVelocityMax":2,
			"fragBullet":{
				"type":"BasicBulletType",
				"bulletSprite":"[#adff2f]核威慑-44",
				"bulletWidth":15,
				"bulletHeight":15,
				"speed":2,
				"damage":100,
				"ammoMultiplier":1,
				"inaccuracy":0,
				"hitSize":15,
				"splashDamage":50,
				"splashDamageRadius":99999,
				"pierce":false,
				"hitTiles":true,
				"collidesTiles":true,
				"collidesTeam":false,
				"collidesAir":true,
				"collides":true,
				"lifetime":10000,
				"keepVelocity":true,
				"status":"corroded",
				"damage":10,
				"incendAmount":60,
				"incendSpread":100,
				"incendChance":100,
				"statusDuration":999999
			}
		},
		"Ahd":{
			"type":"BasicBulletType",
			"bulletSprite":"[#adff2f]核威慑-11",
			"bulletWidth":350,
			"bulletHeight":350,
			"speed":0.1,
			"damage":1000000,
			"ammoMultiplier":1,
			"inaccuracy":0,
			"hitSize":350,
			"splashDamage":100000,
			"splashDamageRadius":600,
			"pierce":false,
			"hitTiles":true,
			"collidesTiles":true,
			"collidesTeam":false,
			"collidesAir":true,
			"collides":true,
			"lifetime":10000,
			"keepVelocity":true,
			"fragBullets":50,
			"fragVelocityMin":2,
			"fragVelocityMax":2,
			"fragBullet":{
				"type":"BasicBulletType",
				"bulletSprite":"[#adff2f]核威慑-22",
				"bulletWidth":150,
				"bulletHeight":150,
				"speed":0.5,
				"damage":100000,
				"ammoMultiplier":1,
				"inaccuracy":0,
				"hitSize":150,
				"splashDamage":10000,
				"splashDamageRadius":300,
				"pierce":false,
				"hitTiles":true,
				"collidesTiles":true,
				"collidesTeam":false,
				"collidesAir":true,
				"collides":true,
				"lifetime":10000,
				"keepVelocity":true,
				"fragBullets":50,
				"fragVelocityMin":2,
				"fragVelocityMax":2,
				"fragBullet":{
					"type":"BasicBulletType",
					"bulletSprite":"[#adff2f]核威慑-33",
					"bulletWidth":50,
					"bulletHeight":50,
					"speed":1,
					"damage":10000,
					"ammoMultiplier":1,
					"inaccuracy":0,
					"hitSize":50,
					"splashDamage":1000,
					"splashDamageRadius":120,
					"pierce":false,
					"hitTiles":true,
					"collidesTiles":true,
					"collidesTeam":false,
					"collidesAir":true,
					"collides":true,
					"lifetime":10000,
					"keepVelocity":true,
					"fragBullets":1,
					"fragVelocityMin":0,
					"fragVelocityMax":0,
					"fragBullet":{
						"type":"BasicBulletType",
						"bulletSprite":"[#adff2f]核威慑-55",
						"bulletWidth":30,
						"bulletHeight":30,
						"speed":1,
						"damage":1000,
						"ammoMultiplier":1,
						"inaccuracy":0,
						"hitSize":30,
						"splashDamage":100,
						"splashDamageRadius":600,
						"pierce":false,
						"hitTiles":true,
						"collidesTiles":true,
						"collidesTeam":false,
						"collidesAir":true,
						"collides":true,
						"lifetime":120,
						"keepVelocity":true
					}
				}
			}
		}
	},
	"requirements": [
		{ "item":"Fe-C","amount":10000},
		{ "item":"Mg-Al","amount":8800},
		{ "item":"Ti+","amount":7500},
		{ "item":"C60","amount":6000},
		{ "item":"xvx-ai","amount":100}
		{ "item":"xvx-nqwz","amount":40}
	],
	"category":"turret",
	"research": "Ahd-Plant"
}