{
	"type":"BurstTurret",
	"name":"机枪塔",
    "description":"射速很高的防御塔",
	"size":4,
	"health":3500,
	"ammoPerShot":1,
	"range":350,
	"reload":2,
	"inaccuracy":0,
	"shots":1,
	"rotatespeed":2.5,
	"maxAmmo":500,
	"targetAir":true,
	"targetGround":true,
	"coolantMultiplier":15,
	"burstSpacing":5,
	"ammo":{
		"ammo":{
			"type":"BasicBulletType",
			"bulletWidth":5,
			"bulletHeight":15,
			"speed":6,
			"damage":75,
			"ammoMultiplier":1,
			"reloadMultiplier":3,
			"inaccuracy":0,
			"hitSize":5,
			"collidesTiles":true,
			"collidesTeam":false,
			"collidesAir":true,
			"collides":true,
			"lifetime":60,
			"keepVelocity":true
		},
		"ammo2":{
			"type":"BasicBulletType",
			"bulletWidth":8,
			"bulletHeight":20,
			"speed":6.3,
			"damage":200,
			"ammoMultiplier":1,
			"reloadMultiplier":2,
			"inaccuracy":0,
			"hitSize":8,
			"collidesTiles":true,
			"collidesTeam":false,
			"collidesAir":true,
			"collides":true,
			"lifetime":60,
			"keepVelocity":true
		},
		"ammo3":{
			"type":"BasicBulletType",
			"bulletWidth":10,
			"bulletHeight":28,
			"speed":6.5,
			"damage":550,
			"ammoMultiplier":1,
			"reloadMultiplier":1,
			"inaccuracy":0,
			"hitSize":10,
			"hitEffect":"smoke",
			"collidesTiles":true,
			"collidesTeam":false,
			"collidesAir":true,
			"collides":true,
			"keepVelocity":true,
			"incendAmount":1,
			"incendSpread":10,
			"lifetime":60,
			"incendChance":100
		}
	}
	"requirements": [
		{ "item":"Fe-C","amount":1000},
		{ "item":"Mg-Al","amount":800},
		{ "item":"Ti+","amount":100}
	],
	"category": "turret",
	"research": "xvx-st"
}