{
	"type":"GenericSmelter",
    "name": "大型AI核心制作厂",
	"description": "ai核心制作中心[red]【无法去掉贴图中间的火焰，请无视它，虽然很维和】",
	"size":7,
	"flameColor":"FFC0CB",
	"outputItem":
		{"item":"xvx-ai","amount":2},
	"consumes":{
		"power":5.0,
		"items":{
			"items":[
				{"item":"ice","amount":8},
				{"item":"C90","amount":60},
				{"item":"Mg-Al","amount":16},
				{"item":"Ti+","amount":26}
			]
		}
	},
	"requirements": [
		{"item":"Mg-Al","amount":2000},
		{"item":"Fe-C","amount":2800},
		{"item":"Fe","amount":6000},
		{"item":"C60","amount":800},
		{"item":"Ti+","amount":1200}
	],
	"research":"xvx-ai-Plant",
	"category":"crafting",
	"craftTime":280,
	"itemCapacity":500,
	"health":15000,
	"update":true,
	"solid":true,
	"hasPower":true,
	"hasItems":true,
	"rotate":false,
	"hasLiquid":true
}