{
	"type":"GenericSmelter",
    "name": "大型扭曲物质制作厂",
	"description": "物质制作厂",
	"size":5,
	"flameColor":"BA55D3",
	"outputItem":
		{"item":"xvx-nqwz","amount":10},
	"consumes":{
		"power":8.0,
		"items":{
			"items":[
				{"item":"ice","amount":50},
				{"item":"C90","amount":40},
				{"item":"xvx-ai","amount":3},
				{"item":"Pu-239","amount":12}
			]
		}
	},
	"requirements": [
		{"item":"Mg-Al","amount":6500},
		{"item":"Fe-C","amount":14000},
		{"item":"Ti+","amount":3000}
		{"item":"C60","amount":900}
	],
	"research":"xvx-nqwz-Plant",
	"category":"crafting",
	"craftTime":480,
	"itemCapacity":500,
	"health":12000,
	"update":true,
	"solid":true,
	"hasPower":true,
	"hasItems":true,
	"rotate":false,
	"hasLiquid":true
}