{
	"type":"GenericSmelter",
	"name":"极限硅厂",
	"description":"使用更多的电和水进行制作硅",
	"flameColor":"FF0000",
	"size":3,
	"outputItem":{"item":"silicon","amount":1},
	"consumes":{
		"power":25.0,
		"liquid":{"liquid":"water","amount":0.02},
		"items":{
			"items":[
				{"item":"coal","amount":1},
				{"item":"sand","amount":1}
			]
		}
	},
	"requirements":[
		{"item":"copper","amount":10000},
		{"item":"lead","amount":5000},
		{"item":"graphite","amount":700},
		{"item":"silicon","amount":3000}
	],
	"craftTime":5,
	"health":1000,
	"hasItems":true,
	"hasPower":true,
	"hasLiquids":true,
	"itemCapacity":500,
	"liquidCapacity":20,
	"category":"crafting",
	"research":"silicon"
}