{
	"type":"ArtilleryTurret",
	"name":"重型火炮",
    "description":"要远程对狙不，我50厘米口径的",
	"size":5,
	"health":5000,
	"ammoPerShot":1,
	"range":600,
	"reload":300,
	"inaccuracy":0,
	"shots":1,
	"rotatespeed":1,
	"maxAmmo":20,
	"targetAir":false,
	"targetGround":true,
	"coolantMultiplier":5,
	"ammo":{
		"bullet":{
			"type":"ArtilleryBulletType",
			"bulletWidth":20,
			"bulletHeight":40,
			"speed":4,
			"damage":1800,
			"ammoMultiplier":1,
			"inaccuracy":0,
			"hitSize":20,
			"splashDamage":800,
			"splashDamageRadius":80,
			"pierce":true,
			"hitTiles":true,
			"hitEffect":"blastExplosion",
			"collidesTiles":true,
			"collidesTeam":false,
			"collidesAir":false,
			"collides":true,
			"keepVelocity":true,
			"lifetime":600,
			"trailEffect":"artilleryTrail"
		}
	}
	"requirements": [
		{ "item":"Mg-Al","amount":1500},
		{ "item":"C60","amount":500},
		{ "item":"Ti+","amount":1000}
	],
	"category": "turret",
	"research": "C90-Plant"
}