{
    "type":"SolidPump",
    "name":"大型超强抽水机",
    "description": "超强抽水机",
    "size":4,
    "health":2500,
    "liquidCapacity":250,
	"result":"water",
	"updateEffect":"wet",
	"updateEffectChance":0.5,
	"rotateSpeed":2,
	"pumpAmount":30,
	"attribute":"water",
	"consumes":{
		"power":50.0
	},
    "requirements": [
		{"item": "Mg-Al", "amount": 500},
		{"item": "ghbl", "amount": 350},
		{"item": "xvx-ai", "amount": 15},
		{"item": "C60", "amount": 150}
	],
	"category": "production",
    "research":"xvx-b"
}