{
	"type":"GenericSmelter",
    "name": "AI核心制作厂",
	"description": "ai核心制作中心[red]【无法去掉贴图中间的火焰，请无视它，虽然很维和】",
	"size":6,
	"flameColor":"FFC0CB",
	"outputItem":
		{"item":"xvx-ai","amount":1},
	"consumes":{
		"power":2.0,
		"items":{
			"items":[
				{"item":"ice","amount":5},
				{"item":"C90","amount":50},
				{"item":"Mg-Al","amount":10},
				{"item":"Ti+","amount":15}
			]
		}
	},
	"requirements": [
		{"item":"Mg-Al","amount":1800},
		{"item":"Fe-C","amount":2000},
		{"item":"Fe","amount":3000},
		{"item":"C60","amount":200},
		{"item":"Ti+","amount":800}
	],
	"research":"Pu-239-Plant",
	"category":"crafting",
	"craftTime":300,
	"itemCapacity":500,
	"health":10000,
	"update":true,
	"solid":true,
	"hasPower":true,
	"hasItems":true,
	"rotate":false,
	"hasLiquid":true
}