{
    "type":"SolidPump",
    "name":"大型冰冻液制作器",
    "description": "提取水制作冰冻液[red]一体式",
    "size":4,
    "health":6000,
    "liquidCapacity":100,
	"result":"Wa",
	"updateEffect":"freezing",
	"updateEffectChance":0.5,
	"rotateSpeed":1,
	"pumpAmount":15,
	"attribute":"water",
	"consumes":{
		"power":60.5
	},
    "requirements": [
		{"item": "Ti+", "amount": 655},
		{"item": "ghbl", "amount": 3200},
		{"item": "xvx-ai", "amount": 45}
	],
	"category": "crafting",
    "research":"xvx-b-c"
}