{
	"type":"GenericSmelter",
	"name":"大型液晶工厂",
	"description":"制作液晶的工厂",
	"size":5,
	"flameColor":"FF34B3",
	"outputLiquid":
		{"liquid":"yj","amount":50},
	"consumes":{
		"power":5.0,
		"liquid":{"liquid":"cryofluid","amount":0.09},
		"items":{
			"items":[
				{"item":"ice","amount":40},
				{"item":"titanium","amount":20},
				{"item":"C90","amount":80}
			]
		}
	},
	"requirements":[
		{"item":"Mg-Al","amount":1500},
		{"item":"Fe-C","amount":2400},
		{"item":"Ti+","amount":1200},
		{"item":"C60","amount":600}
	],
	"hasItems":true,
	"hasLiquid":true,
	"craftTime":240,
	"health":4000,
	"itemCapacity":500,
	"liquidCapacity":500,
	"category":"crafting",
	"research":"yj-Plant"
}