{
	"type":"GenericSmelter",
	"name":"液晶工厂",
	"description":"制作液晶的工厂",
	"size":4,
	"flameColor":"FF34B3",
	"outputLiquid":
		{"liquid":"yj","amount":20},
	"consumes":{
		"power":2.0,
		"liquid":{"liquid":"cryofluid","amount":0.05},
		"items":{
			"items":[
				{"item":"ice","amount":25},
				{"item":"titanium","amount":10},
				{"item":"C90","amount":50}
			]
		}
	},
	"requirements":[
		{"item":"Mg-Al","amount":1000},
		{"item":"Fe-C","amount":1800},
		{"item":"Ti+","amount":800},
		{"item":"C60","amount":250}
	],
	"hasItems":true,
	"hasLiquid":true,
	"craftTime":300,
	"health":3800,
	"itemCapacity":500,
	"liquidCapacity":500,
	"category":"crafting",
	"research":"Ti+Plant"
}