{
	"type":"MassDriver",
	"name":"增强质量驱动",
	"description":"增强版质驱",
	"size":3,
	"health":3000,
	"hasPower":true,
	"hasLiquids":false,
	"hasItems":true,
	"itemCapacity":250,
	"range":600,
	"reloadTime":60,
	"rotateSpeed":0.1,
	"shake":2,
	"minDistribute":5,
	"knockback":3,
	"shootEffect":"shootBig2",
	"smokeEffect":"shootBigSmoke2",
	"recieveEffect":"mineBig",
	"consumes":{
		"power":10.0,
	},
	"requirements":[
		{"item":"Fe","amount":500},
		{"item":"Al","amount":250},
		{"item":"Ti+","amount":100}
	],
	"category":"distribution",
	"research": "Ti+Plant"
}