{
	"name": "哨兵",
	"description": "中型战斗机，搭载了高配置武器，牺牲了一些装甲",
	"buildPower": 2.0,
	"health": 220,
    "maxSpeed": 13,
	"mass":2,
	"speed": 0.6,
	"boostSpeed": 0.01,
	"drag": 0.08,
	"engineOffset": 7,
	"engineColor": "ffe3ab",
	"engineSize": 2.6,
	"flying": true,
    "itemCapacity": 45,
	"weaponOffsetX": 1,
	"weapon": {
		"name": "u"
       "length": 2,
	   "reload": 20,
		"alternate": true,
		 "bullet":{
               "speed": 8,
               "bulletSprite":"新视界-尖子弹",
               "damage": 35,
               "bulletWidth": 6,
               "bulletHeight": 24}
	}
}
