{
	"name": "秃鹫",
	"description": "重型战斗机，保留速度的同时也保证了护甲及武器系统",
	"buildPower": 2.75,
	"health": 350,
    "maxSpeed": 7,
	"mass":14,
	"speed": 0.4,
	"boostSpeed": 0.125,
	"drag": 0.125,
	"engineOffset": 7.75,
	"engineColor": "ea8878",
	"engineSize": 4.1,
	"flying": true,
	"drawCell": true,
    "itemCapacity": 60,
	"weaponOffsetY": 1,
	"weapon": {
		"name": "多重火箭炮"
		"shotDelay": 3.6,
       "length": 2,
       "recoil":2.75,
       "inaccuracy": 2.5,
       "spacing": 0,
       "velocityRnd": 0.15,
       "ejectEffect":"shootBigSmoke",
	   "reload": 60,
	   "shots":5,
		"alternate": true,
		"shootSound": "missile",
		 "bullet":{
			"speed": 6.75,
			"type": "MissileBulletType",
			"hitShake":1,
			"homingPower":0,
			"homingRange":300,
			"backColor":"ea8878",
			"frontColor":"ffb380",
			"trailColor":"ea8878",
            "lifetime":60
            "damage": 15,
            "bulletWidth": 8,
            "bulletHeight": 28
            "splashDamageRadius":25,
	        "splashDamage":30,
	        "hitEffect":"blastExplosion",
			"shootEffect":"shootBigSmoke2",
			"smokeEffect":"shootBigSmoke"
}
	}
}
