{
"name": "致密合金加工厂",
"description": "致密合金生产车间",
"category": "crafting",
"size": 3,
"update": true,
"solid": true,
"hasItems": true,
"configurable": false,
"craftTime": 75
"consumes": {
 "power": 5,
"items": {
			"items": [
				{ "item": "重钢", "amount": 1 },
				{ "item": "metaglass", "amount": 1 },
			]
},
		"liquid": {
			"liquid": "富营养液",
			"amount": 0.05
		}
	},
  	"liquidCapacity": 24,
	"outputItem": { "item": "致密合金", "amount": 2 }
	"requirements": [
		{ "item": "铱板", "amount": 50 },
		{ "item": "graphite", "amount": 125 }
		{ "item": "surge-alloy", "amount": 50 }
		{ "item": "plastanium", "amount": 100 },
        { "item": "metaglass", "amount": 125 },
		{ "item": "lead", "amount": 100 },
		{ "item": "计算机部件", "amount": 60 },
		{ "item": "thorium", "amount": 125 }
	],
	"category": "crafting",
	"research": "液压机",
	"idleSound": "respawning",
	"idleSoundVolume": 0.5
}

