{
     "name":"电磁脉冲轰击器", 
     "description":"发射一颗可以破坏对方单位电子系统的子弹，静滞并削弱敌人", 
     "targetAir":true,
     "targetGround":true,
     "rotatespeed": 1.35,
     "shots": 1,
     "size": 3,
     "health": 1250,
     "range": 400,
     "inaccuracy": 3,
     "shootSound": "磁轨炮音效",
     "reload": 210,
     "recoil": 6.5, 
     "maxAmmo":10,
	"requirements": [
        { "item": "计算机部件", "amount": 65 }
        { "item": "复合钢", "amount": 50 }
		{ "item": "重钢", "amount": 100 }
		{ "item": "thorium", "amount": 80 }
        { "item": "copper", "amount": 125 }
	],
	"category": "turret",
	"research": "冲击波炮"
}

