{
     
    "itemCapacity": 60,
    "shootSound" : "amlaser",
	"consumes": {
		"items": {
			"items": [
				{ "item": "darkenergy", "amount": 20 },
			]
		}
	}
	"requirements": [
        { "item": "计算机部件", "amount": 600 },
		{ "item": "重钢", "amount": 150 },
		{"item": "phase-fabric","amount": 400},
		{ "item": "致密合金", "amount": 500 },
		{ "item": "铱板", "amount": 650 },
		{ "item": "thorium", "amount": 1000 },
		{ "item": "plastanium", "amount": 400 }
	],
	"category": "turret",
	"research": "聚变爆破器"
}

