
{
	"name": "速射阴离子炮",
	"description": "在加速轨道预热完毕后进入连射状态，射速不快但精准度高",
	"targetAir": true,
	"targetGround": true,
	"health": 1800,
	"size": 3,
	"reload": 45,
	"inaccuracy": 1.5,
	"chargeTime": 75,
    "chargeMaxDelay":0,
    "chargeEffects": 18,
	"recoil": 3,
	"hasPower": true,
	"shootSound" : "laser",
	"shootEffect": "lancerLaserShoot",
    "smokeEffect": "lightningShoot",
    "chargeEffect": "lancerLaserCharge",
    "chargeBeginEffect": "lancerLaserChargeBegin",
	"powerUse": 15,
	"range": 225,
	"requirements": [
		{ "item": "低阶计算机部件", "amount": 30 },
		{ "item": "重钢", "amount": 60 },
		{ "item": "copper", "amount": 200 },
		{ "item": "silicon", "amount": 45 },
		{ "item": "lead", "amount": 150 },
		{ "item": "thorium", "amount": 100 },
		{ "item": "plastanium", "amount": 45 }
	],
	"category": "turret",
	"research": "lancer"
	}