{
     "name":"单点传送器", 
     "description":"使玩家从一个传送器上瞬间传送到另一个传送器上，距离无限，需要供电。\n在没有供电的情况下可以进行目标调试，在目标和自身都有供电时，点击建筑即可传送\n像链接物品桥一样链接传送器，可双向或者多向或者环向链接", 
     "size": 3,
     "consumes": {
		"power": 10
	},
     "health": 160,
	"requirements":[
		{"item":"重钢","amount": 60},
		{"item":"低阶计算机部件","amount":80},
		{"item": "thorium", "amount": 50 }
		{"item": "Zate", "amount": 25 }
	],
	"research": "重型质量驱动器"
	"category":"effect"
}
