{
	"name":"大型Zate晶体合成工厂"
	"health": 160,
	"itemCapacity": 12,
	"outputItem": {
		"item": "Zate",
		"amount": 3
	},
	"size": 2,
	"hasPower": true,
	"hasItems": true,
	"craftTime": 30,
	"updateEffect": "smeltsmoke",
	"consumes": {
		"power": 2,
		"items": {
			"items": [{
				"item": "thorium",
				"amount": 2
			}]
		}
	},
	"requirements": [
		{"item": "plastanium","amount": 30},
		{
			"item": "重钢",
			"amount": 40
		},
		{
			"item": "silicon",
			"amount": 30
		},
	],
	"category": "crafting",
	"research": "晶体构造器",
	"idleSound": "respawning",
	"idleSoundVolume": 0.5
}
