
{
	"name": "闪电枪",
	"description": "点对点高压电弧发生器",
	"targetAir": true,
	"targetGround": true,
	"health": 1050,
	"size": 3,
	"recoil": 3,
	"hasPower": true,
	"shootSound" : "amlaser",
	"powerUse": 22,
	"requirements": [
		{ "item": "计算机部件", "amount": 125 },
		{ "item": "复合钢", "amount": 45 },
		{ "item": "thorium", "amount": 150 },
		{"item": "phase-fabric","amount": 65},
		{ "item": "plastanium", "amount": 75 },
		{ "item": "Zate", "amount": 125 }
	],
	"category": "turret",
	"research": "arc"
}
