{
	"name": "Liv支援机平台",
	"description": "Liv后勤机生成平台     点击一下此平台执行切换",
	"type": "MechPad",
	"mech": "liv",
	"size": 2,
	"consumes": {
		"power": 0.5
	},
	"category": "upgrade",
	"research": "哨兵平台",
	"requirements": [
		{ "item": "plastanium", "amount": 150 }
		{ "item": "重钢", "amount": 200 }
		{ "item": "铱板", "amount": 125 }
		{ "item": "复合钢", "amount": 150 }
		{ "item": "thorium", "amount": 225 }
		{ "item": "计算机部件", "amount": 80 }
	]
}
