{
	"type": "GenericSmelter"
	"name": "低阶处理器生产机",
	"description": "低阶处理器生产设施",
	"health": 500,
	"itemCapacity": 10,
	"outputItem": {"item": "低阶计算机部件","amount": 2},
	"size": 2,
	"hasPower": true,
	"hasItems": true,
	"craftTime": 60,
	"updateEffect": "smeltsmoke",
	"consumes": {
		"power": 2,
		"items": {
			"items": [
				{ "item": "silicon", "amount":  1 },
     	{ "item": "copper", "amount": 3 } 
			]
		}
	},
	"requirements": [
	 { "item": "copper", "amount": 140 },
		{ "item": "lead", "amount": 120 },
		{ "item": "重钢", "amount": 40 },
		{ "item": "silicon", "amount": 75 },
		{ "item": "thorium", "amount": 80 }
	],
	"category": "crafting",
	"research": "钛混厂",
	"idleSound": "respawning",
	"idleSoundVolume": 0.5
}
