{
	"name": "重型修复投影仪",
	"description": "高范围修复投影仪",
	"type": "MendProjector",
	"health": 1250,
	"size": 3,
	"range": 150,
	"reload": 90,
	"healPercent": 12.5,
	"consumes": {
		"power": 8.0,
        "items":{
			"items":[
				{"item":"surge-alloy","amount":1}
			]
			"booster":true
			"optional": true
		}
	},
	"requirements": [
		{ "item": "复合钢", "amount": 50 },
		{ "item": "重钢", "amount": 75 },
		{ "item": "lead", "amount": 120 },
		{ "item": "低阶计算机部件", "amount": 55 },
		{ "item": "titanium", "amount": 150 },
		{ "item": "graphite", "amount": 75 }
	],
	"category": "effect",
	"research":"mend-projector"
}