{
	"type": "DoubleTurret",
	"name": "冲击波炮",
	"description": "将炮弹以极快的速度投射出去",
	"health": 2800,
	"size": 4,
	"heatColor":"cde6ff",
	"shotWidth":4.5,
    "shootSound":"shotgun",
	"reload": 12,
	"range": 250,
	"ammoUseEffect": "shellEjectBig",
	"inaccuracy": 3,
	"rotatespeed": 5,
	"ammo": {
		"thorium": {
			"speed": 6.25,
			"knockback":0.15,
			"lifetime":40,
			"damage": 85,
			"bulletWidth": 12,
			"bulletHeight": 22,
			"shootEffect": "shootSmall",
			"smokeEffect": "shootBigSmoke",
			"ammoMultiplier": 2
		},
		"blast-compound":{
	    "splashDamageRadius":80,
	    "splashDamage":30,
        "incendChance": 70,
        "inaccuracy": 4,
        "knockback":0.3,
        "incendAmount": 5,
        "incendSpread": 10,
        "reloadMultiplier":1.25,
        "incendChance": 10,
	    "speed":11.5,
	    "drag":0.02,
		"damage":90,
		"pierce":false,
		"bulletWidth": 10,
		"bulletHeight": 15,
		"lifetime":80,
        "backColor":"ff4500",			
        "frontColor":"ffe4b5",
        "hitShake": 1,
        "ammoMultiplier": 5,
	    "smokeEffect":"shootSmallFlame",
	    "hitEffect":"blastExplosion"
	}
		"plastanium": {
	    "speed":9,
	    "reloadMultiplier": 0.8,
	    "knockback":0.5,
		"damage":120,
		"pierce":false,
		"bulletWidth": 22,
		"bulletHeight": 12,
		"lifetime":60,
  	   "fragBullets":6,
         "fragBullet":
         {
         "type" : "BasicBulletType",
         "speed":3,
         "lifetime":10,
         "bulletWidth": 6,
		"bulletHeight": 6,
         "damage":15,
         "backColor":"C2FF83",			
         "frontColor":"ffffff",
         "hitEffect":"hitLancer"
}
         "drag":0.03,
         "backColor":"C2FF83",			
         "frontColor":"ffffff",
         "hitShake": 3,
         "ammoMultiplier": 4,
	     "smokeEffect": "shootBigSmoke2",
	     "hitEffect":"shockwave"
	},
	"封存聚变能量": {
	    "type" : "ArtilleryBulletType",
	    "collidesTiles":true,
	    "collidesAir":true,
	"ammoMultiplier": 5,
	"reloadMultiplier": 0.8,
	"knockback":0.7,
	    "collides":true,
	"damage": 100,
	"bulletWidth": 7.5,
	"backColor":"ffe4b5",
	"bulletShrink":0.6,
	"frontColor":"ffe4b5",
	"bulletHeight": 25,
	"pierce": false,
	"speed": 7.5,
	"lifetime": 35,
  	   "fragBullets":4,
         "fragBullet":"lightning",
         "hitShake": 3,
         "ammoMultiplier": 5,
	     "smokeEffect": "shootBigSmoke2",
	     "hitEffect":"shockwave"
	}
	"铱板": {
	    "speed":12,
	"ammoMultiplier": 5,
	"knockback":2,
		"damage":160,
		"type" : "ArtilleryBulletType",
	    "collidesTiles":true,
	"collidesAir":true,
	"collides":true,
		"inaccuracy": -3,
		"pierce":true,
		"bulletWidth": 10,
		"bulletHeight": 28,
		"lifetime":23,
         "drag":-0.3,
         "backColor":"cde6ff",			
         "frontColor":"cde6ff",
         "hitShake": 3,
         "reloadMultiplier": 0.75,
	     "smokeEffect": "lightningShoot",
	     "hitEffect":"hitLancer"
	}
	},
	"requirements": [
		{ "item": "重钢", "amount": 120 }
		{ "item": "plastanium", "amount": 105 }
		{ "item": "低阶计算机部件", "amount": 75 }
		{ "item": "复合钢", "amount": 80 }
		{ "item": "thorium", "amount": 180 }
	],
	"category": "turret",
	"research": "spectre"
}
