{
	"name": "巨浪合金冲击合成器",
	"description": "利用化工液与钛在超高压环境下合成巨浪合金",
	"itemCapacity":10,
	
	"health":350,
	"size":3,
	"hasPower": true,
	"hasLiquids": true,
	"hasItems": true,
	"craftTime":90,
	"consumes": {
		"power":6,
		"items": {
			"items": [
				{ "item": "titanium", "amount": 3 }
			]
},
		"liquid": {
			"liquid": "富营养液",
			"amount": 0.05
		}
	},
  	"liquidCapacity": 10,
	"outputItem": { "item": "surge-alloy", "amount": 2 }
	"requirements": [
		{ "item": "铱板", "amount": 40 },
		{ "item": "thorium", "amount": 40 },
		{ "item": "复合钢", "amount": 50 },
		{ "item": "titanium", "amount": 75 },
		{ "item": "计算机部件", "amount": 25 },
		{ "item": "phase-fabric", "amount": 75 }
	],
	"category": "crafting",
	"research": "液压机",
	"idleSound": "respawning",
	"idleSoundVolume": 0.5
}
