{
	"name": "Xen液体升能器",
	"description": "Xen液体升能器",
	"itemCapacity":10,
	"flameColor": "f0ffba",
	"health":350,
	"size":2,
	"hasPower": true,
	"hasLiquids": true,
	"hasItems": true,
	"craftTime":60,
	"consumes": {
		"power":6,
		"items": {
			"items": [
				{ "item": "Zate", "amount": 2 }
			]
},
		"liquid": {
			"liquid": "xen液体",
			"amount": 0.1
		}
	},
  	"liquidCapacity": 24,
	"outputLiquid": {"liquid": "高能量xen液体", "amount": 6},
	"requirements": [
		{ "item": "thorium", "amount": 40 },
		{ "item": "复合钢", "amount": 50 },
		{ "item": "lead", "amount": 72 },
		{ "item": "低阶计算机部件", "amount": 25 },
		{ "item": "phase-fabric", "amount": 75 }
	],
	"category": "crafting",
	"research": "低阶数据处理器制造器",
	"idleSound": "respawning",
	"idleSoundVolume": 0.5
}
