
{
	"name": "原子裂解光束炮",
	"description": "非常高能量的光束可以直接将敌人裂解到原子\n由于过高的能量聚集，将于炮口产生大量会对友方建筑产生伤害的电弧",
	"targetAir": true,
	"targetGround": true,
	"canOverdrive": true,
	"health": 4500,
	"size": 5,
	"reload": 0.25,
	"liquidCapacity": 50,
	"inaccuracy": 0,
	"recoil": 3,
	"hasPower": true,
	"shootSound" : "amlaser",
	"consumes": {
		"liquid": {
			"liquid": "相位xen液体",
			"amount": 0.05
		}

			
	},
	"powerUse": 60,
	"range": 376,
	"requirements": [
		{ "item": "计算机部件", "amount": 175 },
		{ "item": "复合钢", "amount": 200 },
		{ "item": "重钢", "amount": 150 },
		{"item": "phase-fabric","amount": 150},
		{ "item": "致密合金", "amount": 350 },
		{ "item": "铱板", "amount": 250 },
		{ "item": "Zate", "amount": 150 },
		{ "item": "thorium", "amount": 250 },
		{ "item": "plastanium", "amount": 75 }
	],
	"category": "turret",
	"research": "meltdown"
}
