
{
	"name": "反物质激光器",
	"description": "M6-A4系重型激光器",
	"targetAir": true,
	"targetGround": true,
	"health": 4500,
	"size": 5,
	"reload": 120,
	"inaccuracy": 0.625,
	"chargeTime": 80,
    "chargeMaxDelay":0,
    "chargeEffects": 2,
	"recoil": 3,
	"hasPower": true,
	"shootSound" : "amlaser",
	"powerUse": 40,
	"range": 345,
	"requirements": [
		{ "item": "计算机部件", "amount": 150 },
		{ "item": "复合钢", "amount": 150 },
		{ "item": "重钢", "amount": 150 },
		{ "item": "铱板", "amount": 300 },
		{ "item": "Zate", "amount": 60 },
		{ "item": "thorium", "amount": 250 },
		{ "item": "plastanium", "amount": 90 }
	],
	"category": "turret",
	"research": "heavylaserturret"
}
