{
	"name": "哨兵攻击机平台",
	"description": "哨兵攻击机生成平台",
	"type": "MechPad",
	"mech": "巨浪攻击机",
	"size": 2,
	"consumes": {
		"power": 0.5
	},
	"category": "upgrade",
	"research": "glaive-ship-pad",
	"requirements": [
		{ "item": "copper", "amount": 250 }
		{ "item": "lead", "amount": 225 }
		{ "item": "surge-alloy", "amount": 125 }
		{ "item": "silicon", "amount": 350 }
		{ "item": "titanium", "amount": 300 }
		{ "item": "低阶计算机部件", "amount": 80 }
	]
}
