{
"name": "H2O固化工厂",
"description": "压缩水分子使它们以固体的状态存在，且其密度比冰更大",
"category": "crafting",
"size": 2,
"update": true,
"solid": true,
"configurable": false,
"hasPower": true,
"craftTime": 45
"consumes": {
 "power": 0.75,
		"liquid": {
			"liquid": "water",
			"amount": 0.1
		}
	},
  	"liquidCapacity": 24,
	"outputItem": { "item": "固化水", "amount": 1 }
	"requirements": [
		{ "item": "graphite", "amount": 35 }
		{ "item": "copper", "amount": 50 }
		{ "item": "重钢", "amount": 25 },
        { "item": "metaglass", "amount": 25 },
		{ "item": "lead", "amount": 30 },
	],
	"category": "crafting",
	"research": "mechanical-pump",
	"idleSound": "respawning",
	"idleSoundVolume": 0.5
}

