{
	"type": "NuclearReactor",
	"name": "复合裂变反应堆",
	"description": "小型核电站，利用裂变产生的巨大内能发电",
	"size": 2,
	
	"lightColor": "CAEEFF",
  "health": 650,
	"hasPower": true,
	"hasItems": true,
	"itemCapacity": 50,
    "liquidCapacity": 30,
	"powerProduction": 16.125,
	"consumes": {
    "items": {
        "items": [ 
            { "amount": 2, "item":"Zate" }
        ],
        "optional": true
    },
    "liquid": {
        "liquid": "xen液体",
        "amount": 0.05
    }
},
	"requirements": [
	    { "item": "copper", "amount": 150 }
		{ "item": "低阶计算机部件", "amount": 125 }
		{ "item": "复合钢", "amount": 75 }
		{ "item": "重钢", "amount": 150 }
		{ "item": "metaglass", "amount": 75 }
		{ "item": "thorium", "amount": 125 }
	],
	"category": "power",
	"research": "thorium-reactor"
}
