{
    "type":"LiquidBridge", 
    "name":"复合钢导管桥",
    "description":"先进的液体传输管道，拥有更高的速度，距离和生命值",
    "health":800,
    "size":1,
    "range":20,
    "transportTime":0.55, 
    "liquidCapacity": 20,
    "consumes": {
		"power":0.5}
 	"requirements": [
 	    { "item": "重钢", "amount": 20 },
 	    { "item": "titanium", "amount": 30 },
		{ "item": "计算机部件", "amount": 5 },
		{ "item": "phase-fabric", "amount": 10 },
		{ "item": "复合钢", "amount": 10 }
	],
	"category": "liquid",
	"research": "phase-conduit"
    
}