{
"name": "复合钢工厂",
"description": "利用重型压制器打造复合钢",
"category": "crafting",
"size": 3,
"update": true,
"solid": true,
"hasItems": true,
"configurable": false,
"craftTime": 60
"consumes": {
 "power": 3.5,
"items": {
			"items": [
				{ "item": "metaglass", "amount": 1 },
				{ "item": "titanium", "amount": 2 },
			]
},
		"liquid": {
			"liquid": "xen液体",
			"amount": 0.135
		}
	},
  	"liquidCapacity": 24,
	"outputItem": { "item": "复合钢", "amount": 1 }
	"requirements": [
		{ "item": "重钢", "amount": 80 },
		{ "item": "graphite", "amount": 60 }
        { "item": "metaglass", "amount": 45 },
		{ "item": "lead", "amount": 100 },
		{ "item": "低阶计算机部件", "amount": 55 },
		{ "item": "thorium", "amount": 65 }
	],
	"category": "crafting",
	"research": "silicon-smelter",
	"idleSound": "respawning",
	"idleSoundVolume": 0.5
}

