{
"name": "多重硅冶炼工厂",
"description": "高效能的产硅工厂，用电代替了烧煤的高温，用电解水获得的氢气做还原剂，更加环保，但需要消耗更多电力",
"category": "crafting",
"size": 3,
"health": 360,
"update": true,
"solid": true,
"hasItems": true,
"configurable": false,
"craftTime": 45
"consumes": {
 "power": 3.5,
"items": {
			"items": [
				{ "item": "sand", "amount": 3 },
			]
},
		"liquid": {
			"liquid": "water",
			"amount": 0.135
		}
	},
  	"liquidCapacity": 24,
	"outputItem": { "item": "silicon", "amount": 2 }
	"requirements": [
		{ "item": "重钢", "amount": 80 },
		{ "item": "graphite", "amount": 60 }
        { "item": "metaglass", "amount": 45 },
		{ "item": "lead", "amount": 100 },
		{ "item": "低阶计算机部件", "amount": 55 },
		{ "item": "thorium", "amount": 65 }
	],
	"category": "crafting",
	"research": "silicon-smelter",
	"idleSound": "respawning",
	"idleSoundVolume": 0.5
}

