{
	"name": "大型相织布工厂",
	"description": "效率更高(确信)",
	"itemCapacity":10,
	
	"health":350,
	"size":3,
	"hasPower": true,
	"hasLiquids": true,
	"hasItems": true,
	"craftTime":60,
	"consumes": {
		"power":2,
		"items": {
			"items": [
				{ "item": "Zate", "amount": 3 }
				{ "item": "silicon", "amount": 2 }
			]
},
		"liquid": {
			"liquid": "water",
			"amount": 0.12
		}
	},
  	"liquidCapacity": 15,
	"outputItem": { "item": "phase-fabric", "amount": 3 }
	"requirements": [
		{ "item": "plastanium", "amount": 40 },
		{ "item": "thorium", "amount": 40 },
		{ "item": "复合钢", "amount": 50 },
		{ "item": "titanium", "amount": 75 },
		{ "item": "计算机部件", "amount": 25 },
		{ "item": "phase-fabric", "amount": 75 }
	],
	"category": "crafting",
	"research": "液压机",
	"idleSound": "respawning",
	"idleSoundVolume": 0.5
}
