{
	"name": "大力神建造机工厂",
	"description": "生产大力神建造无人机",
	"type": "UnitFactory",
	"unitType": "大力神建造机",
	"size": 2,
	"health": 180,
	"produceTime": 3000,
	"maxSpawn":1,
	"consumes": {
		"power": 2,
		"items": {
			"items": [
				{"item": "计算机部件", "amount": 6}
			]
		}
	},
	"category": "units",
	"research": "phantom-factory",
	"requirements": [
        { "item": "lead", "amount": 30 },
		{ "item": "thorium", "amount": 45 },
		{ "item": "低阶计算机部件", "amount": 35 },
        { "item": "重钢", "amount": 70 }
	]
}
