{
	"name": "光矛炮",
	"description": "发射破坏力极大的光矛子弹\n[sky]“你别看它个头小，打怪的时候属实吓人”",
	"health": 1825,
	"size": 3,
	"targetAir": true,
	"targetGround": true,
	"burstSpacing": 20,
    "shootSound": "聚变爆破器",
	"rotatespeed": 4,
	"shots": 3,
	"inaccuracy": 0,
	"shootShake": 2,
	"maxAmmo": 15,
	"reload": 180,
	"range": 350,
	
	"requirements": [
   {"item": "复合钢","amount": 125},
   {"item": "phase-fabric","amount": 125},
   {"item": "plastanium","amount": 185},
   {"item": "thorium","amount": 250},
   {"item": "低阶计算机部件","amount": 85},
   {"item": "计算机部件","amount": 125},
   { "item": "重钢", "amount": 150 },
	],
	"category": "turret",
	"research": "波束"
}

