{
	"name": "导弹发射井",
	"description": "生产重型导弹（导弹可被拦截）",
	"type": "UnitFactory",
	"unitType": "自爆导弹",
	"size": 3,
	"health": 850,
	"produceTime": 1200,
	"maxSpawn":6,
	"consumes": {
		"power": 2,
		"items": {
			"items": [
				{"item": "低阶计算机部件", "amount": 10}
				{"item": "封存聚变能量", "amount": 5}
			]
		}
	},
	"category": "units",
	"research": "火箭巢",
	"requirements": [
        { "item": "低阶计算机部件","amount": 60},
        { "item": "lead", "amount": 125 },
        { "item": "plastanium", "amount": 85 },
		{ "item": "重钢", "amount": 125 },
		{ "item": "silicon", "amount": 110 },
		{ "item": "thorium", "amount": 50 },
	]
}
