{
	
	"name": "小型铱板压制工厂",
	"description": "“在?为什么钛和碳加钍就能压出铱?”",
	"itemCapacity":30,
	"health":800,
	"size":2,
	"hasPower": true,
	"hasLiquids": true,
	"hasItems": true,
	"craftTime":180,
	"updateEffect": "reactorsmoke",
	"consumes": {
		"power":5,
		"items": {
			"items": [
				{ "item": "重钢", "amount": 6 },
				{ "item": "thorium", "amount": 12 }
			]
},
		"liquid": {
			"liquid": "xen液体",
			"amount": 0.065
		}
	},
  	"liquidCapacity": 24,
	"outputItem": { "item": "铱板", "amount": 1 }
	"requirements": [
		{ "item": "重钢", "amount": 100 },
        { "item": "copper", "amount": 180 },
		{ "item": "lead", "amount": 100 },
		{ "item": "计算机部件", "amount": 40 },
		{ "item": "thorium", "amount": 75 }
	],
	"category": "crafting",
	"research": "铱板厂",
	"idleSound": "respawning",
	"idleSoundVolume": 0.5
}