{
	"name": "零位能量反应堆",
	"description": "以一种高效率的方式释放零位能，从中转换出大量常规的能源",
	"size": 8,
    "health": 18500,
	"hasPower": true,
	"hasItems": true,
	"baseExplosiveness": 25000,
	"itemCapacity": 45,
    "liquidCapacity": 100,
    "itemDuration": 300,
    "explosionRadius": 240,
 	"explosionDamage": 114514,
	"powerProduction": 1000,
	"consumes": {
	    "power": 100,
    "items": {
        "items": [ 
            { "amount": 3, "item":"Zina" }
            { "amount": 8, "item":"固化水" }
        ],
    },
    "liquid": {
        "liquid": "liquid-化工液",
        "amount": 0.12
    }
},
	"requirements": [
	    { "item": "copper", "amount": 600 }
	    { "item": "致密合金", "amount": 400 }
	    { "item": "graphite", "amount": 300 }
		{ "item": "lead", "amount": 350 }
		{ "item": "计算机部件", "amount": 200 }
		{ "item": "铱板", "amount": 350 }
		{ "item": "metaglass", "amount": 350 }
		{ "item": "surge-alloy", "amount": 250 }
		{ "item": "silicon", "amount": 250 }
		{ "item": "titanium", "amount": 400 }
		{ "item": "thorium", "amount": 300 }
	],
	"category": "power",
	"research": "粒子对撞机"
}
