{
	"name": "巨型电池",
	"description": "一个容量极大的电池",
	"type": "Battery",
	"hasPower": true,
	"consumesPower": true,
	"outputsPower": true,
	"health": 3000,
	"size": 5,
	"consumes":{
	"powerBuffered": 200000,
	}
	"requirements": [
		{ "item": "低阶计算机部件", "amount": 40 },
		{ "item": "重钢", "amount": 60 },
		{ "item": "thorium", "amount": 80 },
		{ "item": "lead", "amount": 80 }
		{ "item": "phase-fabric", "amount": 30 }
	],
	"category": "power",
	"research": "装甲电池"
}