{
	"name": "巨浪激光器",
	"description": "将巨浪合金的能量融合成一道光束射出去",
	"health": 1250,
	"size": 3,
	"shots": 2,
	"shotWidth": 3.75,
    "shootSound":"线圈炮音效",
	"reload": 20,
	"range": 264,
	"ammoUseEffect": "shootBigSmoke2",
	"inaccuracy": 0,
	"rotatespeed": 5,
	"requirements": [
        { "item": "lead", "amount": 300 }
		{ "item": "plastanium", "amount": 150 }
		{ "item": "graphite", "amount": 175 }
		{ "item": "surge-alloy", "amount": 200 }
		{ "item": "计算机部件", "amount": 60 }
		{ "item": "thorium", "amount": 180 }
	],
	"category": "turret",
	"research": "heavylaserturret"
}
