{
	"type": "SingleTypeGenerator",
	"name": "Zate晶体聚变反应堆",
	"description": "将Zate所含的巨大化学能转化为电能化，能量转换效率达95%",
	"size": 3,
  "health": 900,
	"hasPower": true,
	"hasItems": true,
	"itemCapacity": 30,
    "liquidCapacity": 50,
	"powerProduction": 35,
	"consumes": {
    "items": {
        "items": [ 
            { "amount": 2, "item":"Zate" }
        ],
        "optional": true
    },
    "liquid": {
        "liquid": "cryofluid",
        "amount": 0.15
    }
},
	"requirements": [
	    { "item": "copper", "amount": 400 }
		{ "item": "lead", "amount": 350 }
		{ "item": "surge-alloy", "amount": 75 }
		{ "item": "silicon", "amount": 150 }
		{ "item": "titanium", "amount": 200 }
		{ "item": "thorium", "amount": 125 }
	],
	"category": "power",
	"research": "impact-reactor"
}
