{
	"name": "秃鹫重型歼击机平台",
	"description": "秃鹫重型歼击机生成平台     点击一下此平台执行切换",
	"type": "MechPad",
	"mech": "重型轰炸机",
	"size": 3,
	"consumes": {
		"power": 0.5
	},
	"category": "upgrade",
	"research": "哨兵平台",
	"requirements": [
		{ "item": "copper", "amount": 300 }
		{ "item": "重钢", "amount": 200 }
		{ "item": "铱板", "amount": 175 }
		{ "item": "silicon", "amount": 250 }
		{ "item": "thorium", "amount": 225 }
		{ "item": "计算机部件", "amount": 80 }
	]
}
