{
	"type": "BurstTurret",
	"name": "引信炮",
	"description": "临近引信引爆炮台",
	"health": 350,
	"burstSpacing": 2,
	"size": 2,
	"shots": 4,
    "shootSound":"shotgun",
	"reload": 30,
	"range": 200,
	"ammoUseEffect": "shellEjectSmall",
	"inaccuracy": 5,
	"rotatespeed": 5,
	"ammo": {
		"graphite":{
		"type":"FlakBulletType",
	    "splashDamageRadius":28,
	    "splashDamage":20,
        "knockback":0.3,
        "explodeRange":28,
	    "speed":8.2,
	    "drag":0.02,
		"damage":10,
		"pierce":false,
		"bulletWidth": 10,
		"bulletHeight": 15,
		"lifetime":30,
        "backColor":"ffd280",			
        "hitShake": 1,
	    "smokeEffect":"shootSmallFlame",
	    "hitEffect":"blastExplosion"
	}
	"blast-compound":{
		"type":"FlakBulletType",
	    "splashDamageRadius":56,
	    "splashDamage":30,
        "knockback":0.3,
        "explodeRange":48,
	    "speed":8.2,
	    "drag":0.02,
		"damage":5,
		"pierce":false,
		"bulletWidth": 10,
		"bulletHeight": 15,
		"lifetime":30,
		"backColor":"#FFAF70",
        "hitShake": 1,
	    "smokeEffect":"shootSmallFlame",
	    "hitEffect":"flakExplosion"
	}
	"pyratite":{
		"type":"FlakBulletType",
	    "splashDamageRadius":32,
	    "splashDamage":20,
        "incendChance": 32,
        "explodeRange":24,
        "incendAmount": 5,
        "incendSpread": 10,
        "incendChance": 10,
	    "speed":8.2,
	    "drag":0.02,
		"damage":5,
		"pierce":false,
		"bulletWidth": 10,
		"bulletHeight": 15,
		"lifetime":30,
        "backColor":"#FFF697",			
        "hitShake": 1,
        "ammoMultiplier": 1.25,
    	"hitEffect":"flakExplosionBig"
	    "smokeEffect":"shootSmallFlame",
	}
	}
	"requirements": [
        { "item": "titanium", "amount": 25 }
		{ "item": "低阶计算机部件", "amount": 25 }
		{ "item": "thorium", "amount": 35 }
	],
	"category": "turret",
	"research": "scatter"
}
