{
	"name": "扫荡者工厂",
	"description": "生产扫荡者重型机甲的车间",
	"type": "UnitFactory",
	"unitType": "扫荡者",
	"size": 4,
	"health": 1000,
	"produceTime": 3000,
	"maxSpawn":3,
	"consumes": {
		"power": 6,
		"items": {
			"items": [
				{"item": "重钢", "amount":20},
				{"item": "plastanium", "amount":10},
				{"item": "计算机部件", "amount": 10}
			]
		}
	},
	"category": "units",
	"research": "护卫舰工厂",
	"requirements": [
        { "item": "计算机部件","amount": 60},
        { "item": "copper", "amount": 125 },
        { "item": "plastanium", "amount": 85 },
		{ "item": "重钢", "amount": 125 },
		{ "item": "silicon", "amount": 110 },
		{ "item": "thorium", "amount": 50 },
		{ "item": "铱板", "amount": 35 },
		
	]
}
