{
	"name": "中型主力舰船坞",
	"description": "生产护卫舰",
	"type": "UnitFactory",
	"unitType": "护卫舰",
	"size": 5,
	"health": 3250,
	"produceTime": 1400,
	"maxSpawn":4,
	"consumes": {
		"power": 6,
		"items": {
			"items": [
				{"item": "重钢", "amount": 12},
				{"item": "thorium", "amount": 10}
				{"item": "低阶计算机部件", "amount": 15}
			]
		}
	},
	"category": "units",
	"research": "fortress-factory",
	
	"requirements": [
        { "item": "计算机部件","amount": 55},
        { "item": "plastanium", "amount": 150 },
		{ "item": "重钢", "amount": 150 },
		{ "item": "silicon", "amount": 175 },
		{ "item": "thorium", "amount": 200 },
        { "item": "titanium", "amount": 200 }
	]
}
