{
	"name": "掠夺者重机甲平台",
	"description": "掠夺者重机甲生成平台     点击一下此平台执行切换",
	"type": "MechPad",
	"mech": "掠夺者",
	"size": 3,
	"consumes": {
		"power": 0.5
	},
	"category": "upgrade",
	"research": "哨兵平台",
	"requirements": [
		{ "item": "plastanium", "amount": 150 }
		{ "item": "重钢", "amount": 200 }
		{ "item": "铱板", "amount": 125 }
		{ "item": "致密合金", "amount": 150 }
		{ "item": "thorium", "amount": 225 }
		{ "item": "计算机部件", "amount": 80 }
	]
}
