{
	"type": "GenericSmelter"
	"name": "处理器生产机",
	"description": "精密处理器生产设施",
	"health": 800,
	"itemCapacity": 10,
	"outputItem": {"item": "计算机部件","amount": 2},
	"size": 2,
	"hasPower": true,
	"hasItems": true,
	"craftTime": 60,
	"updateEffect": "smeltsmoke",
	"consumes": {
		"power": 3,
		"items": {
			"items": [
				{ "item": "低阶计算机部件", "amount":  2},
     	{ "item": "surge-alloy", "amount": 1 }
			]
		}
	},
	"requirements": [
 	 { "item": "copper", "amount": 150 },
		{ "item": "lead", "amount": 120 },
		{ "item": "重钢", "amount": 80 },
		{ "item": "silicon", "amount": 150 },
       { "item": "低阶计算机部件", "amount": 25 },
		{ "item": "thorium", "amount": 100 },
		{ "item": "plastanium", "amount": 50 }
	],
	"category": "crafting",
	"research": "低阶数据处理器制造器",
	"idleSound": "respawning",
	"idleSoundVolume": 0.5
}
