{
	"type": "GenericCrafter",
	"name": "Zate晶体人工合成器",
	"description": "浓缩提纯钍以得到人造Zate晶体",
	"health": 80,
	"itemCapacity": 14,
	"outputItem": {
		"item": "Zate",
		"amount": 1
	},
	"size": 1,
	"hasPower": true,
	"hasItems": true,
	"craftTime": 45,
	"updateEffect": "smeltsmoke",
	"consumes": {
		"power": 0.5,
		"items": {
			"items": [{
				"item": "thorium",
				"amount": 2
			}]
		}
	},
	"requirements": [{
			"item": "titanium",
			"amount": 25
		},
		{
			"item": "copper",
			"amount": 40
		},
		{
			"item": "lead",
			"amount": 30
		},
		{
			"item": "silicon",
			"amount": 10
		},
		{
			"item": "thorium",
			"amount": 15
		},
		{
			"item": "graphite",
			"amount": 25
		}
	],
	"category": "crafting",
	"research": "钛混厂",
	"idleSound": "respawning",
	"idleSoundVolume": 0.5
}
