{
	"type": "GenericSmelter",
	"name": "暗能量合成工厂",
	"description": "我们至今也不知道这到底是怎么做到合成暗能量的",
	"itemCapacity":12,
	"flameColor": "d0b0ff",
	"health":800,
	"size":2,
	"hasPower": true,
	"hasLiquids": true,
	"hasItems": true,
	"craftTime":45,
	"updateEffect": "reactorsmoke",
	"consumes": {
		"power":5,
		"items": {
			"items": [
				{ "item": "Zina", "amount": 1 },
				{ "item": "反Zina", "amount": 1 }
			]
},
		"liquid": {
			"liquid": "liquid-化工液",
			"amount": 0.1
		}
	},
  	"liquidCapacity": 24,
	"outputItem": { "item": "darkenergy", "amount": 2 }
	"requirements": [
		{ "item": "重钢", "amount": 75 },
        { "item": "metaglass", "amount": 55 },
		{ "item": "计算机部件", "amount": 40 },
		{ "item": "silicon", "amount": 85 },
		{ "item": "thorium", "amount": 125 }
	],
	"category": "crafting",
	"research": "核能反转换器",
	"idleSound": "respawning",
	"idleSoundVolume": 0.5
}