{
	"type": "GenericCrafter",
	"name": "封装零位能转向器",
	"description": "将封装零位能的性质转换",
	"health": 80,
	"itemCapacity": 40,
	"outputItem": {
		"item": "Zina",
		"amount": 1
	},
	"size": 1,
	"hasPower": true,
	"hasItems": true,
	"craftTime": 45,
	"updateEffect": "formsmoke",
	"consumes": {
		"power": 0.15,
		"items": {
			"items": [{
				"item": "反Zina",
				"amount": 1
			}]
		}
	},
	"requirements": [{
			"item": "titanium",
			"amount": 25
		},
		{
			"item": "copper",
			"amount": 40
		},
		{
			"item": "silicon",
			"amount": 10
		},
		{
			"item": "thorium",
			"amount": 15
		},
		{
			"item": "graphite",
			"amount": 25
		}
	],
	"category": "crafting",
	"research": "粒子对撞机",
	"idleSound": "respawning",
	"idleSoundVolume": 0.5
}
