
{
	"type": "chargeTurret",
	"name": "速射阳离子炮",
	"description": "在加速轨道预热完毕后进入连射状态，射速高但精准度低",
	"targetAir": true,
	"targetGround": true,
	"health": 1800,
	"size": 3,
	"inaccuracy": 5.5,
	"chargeTime": 60,
    "chargeMaxDelay":0,
    "chargeEffects": 3,
	"recoil": 3,
	"hasPower": true,
	"shootSound" : "laser",
	"shootEffect": "lancerLaserShoot",
    "smokeEffect": "lightningShoot",
    "chargeEffect": "lancerLaserCharge",
    "chargeBeginEffect": "lancerLaserChargeBegin",
	"powerUse": 14,
	"range": 225,
	"requirements": [
		{ "item": "低阶计算机部件", "amount": 30 },
		{ "item": "重钢", "amount": 60 },
		{ "item": "copper", "amount": 200 },
		{ "item": "silicon", "amount": 45 },
		{ "item": "lead", "amount": 150 },
		{ "item": "thorium", "amount": 100 },
		{ "item": "plastanium", "amount": 45 }
	],
	"category": "turret",
	"research": "lancer"
	
	
	"shootType": {
	"type" : "ArtilleryBulletType",
	"collidesTiles":true,
	"collidesAir":true,
	"collides":true,
	"damage": 80,
	"bulletWidth": 7.5,
	"backColor":"abdbff",
	"bulletShrink":0.6,
	"frontColor":"f0f8ff",
	"bulletHeight": 50,
	"pierce": false,
	"speed": 18,
	"lifetime": 17,
	"hitEffect": "hitLancer",
	"fragBullets":2,
    "fragBullet":"lightning",
    "bulletSprite":"新视界-波束子弹",
	},
}
