{
	"name": "浮游炮制造厂",
	"description": "生产浮游炮",
	"type": "UnitFactory",
	"unitType": "浮游炮",
	"size": 3,
	"health": 850,
	"produceTime": 1500,
	"maxSpawn":3,
	"consumes": {
		"power": 3,
		"items": {
			"items": [
				{"item": "重钢", "amount": 20},
	
				{"item": "低阶计算机部件", "amount": 15}
			]
		}
	},
	"category": "units",
	"research": "波束",
	"requirements": [
        { "item": "低阶计算机部件","amount": 60},
        { "item": "copper", "amount": 125 },
        { "item": "plastanium", "amount": 85 },
		{ "item": "重钢", "amount": 125 },
		{ "item": "silicon", "amount": 110 },
		{ "item": "thorium", "amount": 50 },
        { "item": "titanium", "amount": 150 }
	]
}
