{
	"type": "BurstTurret",
	"name": "海啸速射火箭巢",
	"description": "发射一连串的火箭",
	"burstSpacing": 2.75,
	"health": 1000,
	"size": 3,
	"heatColor":"f0ffba",
    "shootSound":"missile",
	"reload": 180,
	"shots": 14,
	"xRand": 7.25,
	"range": 256,
	"spread":10,
	"ammoUseEffect": "shootBigSmoke",
	"inaccuracy": 6,
	"rotatespeed": 3,
	"ammo": {
		"silicon": {
			"speed": 6,
			"type": "MissileBulletType",
			"homingPower": 0.1,
            "homingRange": 200,
			"bulletShrink":0,
	        "pierce":false,
			"knockback":0,
			"lifetime":54,
			"damage": 30,
			"bulletWidth": 6.75,
			"bulletHeight": 15,
			"shootEffect": "shootSmallFlame",
			"hitEffect": "flakExplosion",
			"smokeEffect": "shootBigSmoke",
			"splashDamageRadius":24,
	        "splashDamage":15,
	        "despawnEffect":"flakExplosion",
			"backColor":"ffd280",
			"frontColor":"ffd280",
			"trailColor":"ffd280",
			"ammoMultiplier":4,
}
"blast-compound":{
		"type": "MissileBulletType",
		"homingPower": 0,
        "homingRange": 0,
	    "splashDamageRadius":40,
	    "splashDamage":37.5,
        "inaccuracy": 6,
        "knockback":0,
        "reloadMultiplier":1.125,
	    "speed":8,
	    "drag":0.0075,
		"damage":0,
		"pierce":false,
		"bulletWidth": 10,
		"bulletHeight": 20,
		"lifetime":50,
        "backColor":"ea8878",
			"frontColor":"ffb380",
			"trailColor":"ea8878", 
        "hitShake": 1,
        "ammoMultiplier": 4,
	    "shootEffect": "shootSmallFlame",
		"smokeEffect": "shootBigSmoke",
	    "hitEffect":"blastExplosion"
	}
	"pyratite":{
		"type": "MissileBulletType",
		"homingPower": 0,
        "homingRange": 0,
	    "splashDamageRadius":30,
	    "splashDamage":20,
        "incendChance": 30,
        "incendAmount": 5,
        "incendSpread": 10,
        "incendChance": 10,
	    "speed":8,
	    "drag":0.0075,
		"damage":0,
		"pierce":false,
		"bulletWidth": 10,
		"bulletHeight": 20,
		"lifetime":50,
        "backColor":"#FFD13F",			
        "frontColor":"FFD87B",
		"trailColor":"FFD87B",
        "hitShake": 1,
        "ammoMultiplier": 4,
    	"hitEffect":"flakExplosionBig"
	    "shootEffect": "shootSmallFlame",
		"smokeEffect": "shootBigSmoke",
	}
	},
	
	
	"requirements": [
        { "item": "lead", "amount": 150 }
		{ "item": "低阶计算机部件", "amount": 65 }
		{ "item": "重钢", "amount": 80 }
		{ "item": "thorium", "amount": 100 }
	],
	"category": "turret",
	"research": "ripple"
}
