{
	"name": "化工液工厂",
	"description": "化工液生产工厂",
	"itemCapacity":24,
	"health":120,
	"size":2,
	"hasPower": true,
	"hasLiquids": true,
	"hasItems": true,
	"craftTime":52,
	"updateEffect": "smeltsmoke",
	"consumes": {
		"power":3,
		"items": {
			"items": [
				{ "item": "thorium", "amount": 2 }
				{ "item": "铱板", "amount": 1 }
				{ "item": "固化水", "amount": 1 }
			]
},
	},
  	"liquidCapacity": 24,
	"outputLiquid": {"liquid": "富营养液", "amount": 9},
	"requirements": [
		{ "item": "Zate", "amount": 40 },
		{ "item": "重钢", "amount": 50 },
        { "item": "copper", "amount": 100 },
		{ "item": "lead", "amount": 72 },
		{ "item": "低阶计算机部件", "amount": 25 },
		{ "item": "silicon", "amount": 80 },
		{ "item": "titanium", "amount": 150 },
		{ "item": "graphite", "amount": 75 }
	],
	"category": "crafting",
	"research": "铱板厂",
	"idleSound": "respawning",
	"idleSoundVolume": 0.5
}
