{
     "type":"ItemTurret",
     "name":"清除者炮台", 
     "description":"对地重型榴弹炮", 
     "health":3250,
     "size":4,
     "targetAir":false,
     "targetGround":true,
     "shootSound":"清除者音效",
     "rotatespeed": 3,
     "recoil": 5,
     "shots": 5,
     "inaccuracy": 6,
     "maxAmmo":15,
     "reload":100,
     "range":320,
     "ammo": {
       "封存聚变能量": {
   "splashDamageRadius":56,
	 "splashDamage":250,
	  "speed":9,
	"lifetime":100,
		"pierce":true,
		"bulletWidth": 22,
		"bulletHeight": 12,
		
		"lightining":3,
		"lightningLength":18,
  	"fragBullets":4,
    "drag":0.03,
    "backColor":"00CD00",			
    "frontColor":"c1ffc1",
		"fragBullets":6,
         "fragBullet":
         {
         "type" : "BasicBulletType",
         "speed":3,
         "lifetime":10,
         "bulletWidth": 6,
		"bulletHeight": 6,
         "damage":15,
         "backColor":"C2FF83",			
         "frontColor":"ffffff",
         "hitEffect":"hitLancer"
         "lightining":1,
		"lightningLength":5,
	},
    "hitShake": 3,
    "ammoMultiplier": 1,
	"smokeEffect": "shellEjectBig",
	"hitEffect":"shockwave"
		},
		"Zate":{
	   "splashDamageRadius":100,
	    "splashDamage":175,
        "incendChance": 70,
        "reloadMultiplier":0.75,
	    "speed":3,
	    "drag":0.0075,
		
		"pierce":false,
		"bulletWidth": 32,
		"bulletHeight": 24,
		"lifetime":200,
    	"fragBullets":14,
    "backColor":"FFB482",			
    "frontColor":"FFB482",
    "hitShake": 5,
    "ammoMultiplier": 1,
	"smokeEffect": "bigShockwave",
	"hitEffect":"impactcloud"
		}
	},
	"requirements": [
   { "item": "计算机部件","amount": 50},
   { "item": "Zate", "amount":150 },
   
   { "item": "plastanium", "amount": 175 },
		{ "item": "重钢", "amount": 175 },
		{ "item": "silicon", "amount": 250 },
		{ "item": "thorium", "amount": 250 },
		{ "item": "surge-alloy", "amount": 125 },
	],
	"category": "turret",
	"research": "spectre"
}


