{
     "type":"ArtilleryTurret",
     "name":"多管高射炮", 
     "description":"重型高射炮台，投射大量炮弹，越过敌人的墙造成伤害", 
     "health":3200,
     "size":4,
     "targetAir":true,
     "targetGround":true,
     "rotatespeed": 6,
     "spread": 5,
     "velocityInaccuracy":0.075,
     "recoil": 5,
     "shots": 10,
     "inaccuracy":10,
     "maxAmmo":48,
     "reload":90,
     "range":376,
     "ammo": {
       "低阶计算机部件": {
        "type":"ArtilleryBulletType",
        "bulletSprite":"missile",
        "keepVelocity":false,
        "collidesTiles":false,
        "collides":true,
        "collidesAir":false,
	    "bulletShrink":0.5,
	    "speed":4,
		"pierce":false,
		"bulletWidth": 10,
		"bulletHeight": 22,
		"lifetime":101,
        "backColor":"ffd280",			
        "frontColor":"ffd280",
        "hitShake": 1,
        "splashDamage":40,
        "damage":0,
        "splashDamageRadius":24,
        "ammoMultiplier": 6,
	    "smokeEffect": "shootSmallFlame",
	    "hitEffect":"flakExplosion",
	    "homingPower": 10,
        "homingRange": 120
		},
		"plastanium": {
		"collidesTiles":false,
		"keepVelocity":false,
		"type":"ArtilleryBulletType",
        "collidesAir":false,
	    "collides":false,
	    "speed":8,
		"damage":0,
		"splashDamageRadius":30,
		"splashDamage":50,
		"pierce":false,
		"bulletWidth": 22,
		"bulletHeight": 22,
		"lifetime":50,
  	   "fragBullets":5,
         "fragBullet":
         {
         "type" : "BasicBulletType",
         "hitEffect":"hitLancer"
         "speed":3,
         "lifetime":10,
         "bulletWidth": 8,
		 "bulletHeight": 12,
         "damage":30,
         "backColor":"00CD00",			
         "frontColor":"ffffff",
	},
	     "backColor":"c1ffc1",			
         "frontColor":"c1ffc1",
         "hitShake": 3,
         "ammoMultiplier": 6,
	     "smokeEffect": "shootBigSmoke2",
	     "hitEffect":"shockwave"
	},
		"铱板": {
        "splashDamageRadius":20,
        "keepVelocity":false,
        "type":"ArtilleryBulletType",
        "bulletSprite":"新视界-波束子弹",
        "collidesTiles":false,
        "collidesAir":false,
	    "collides":false,
	    "splashDamage":80,
	    "bulletShrink":0,
	    "damage":0,
	    "speed":6,
		"pierce":false,
		"bulletWidth": 18,
		"bulletHeight": 20.25,
		"lifetime":67,
        "backColor":"cde6ff",
		"frontColor":"cde6ff",
        "hitShake": 1,
        "ammoMultiplier": 6.25,
        "reloadMultiplier": 1.25,
	    "smokeEffect": "lightningShoot",
	     "hitEffect":"shockwave"
		},
		"封存聚变能量": {
        "splashDamageRadius":52,
        "keepVelocity":false,
        "type":"ArtilleryBulletType",
        "collidesTiles":false,
        "collidesAir":false,
	    "collides":false,
	    "splashDamage":45,
	    "bulletShrink":0.05,
	    "damage":0,
	    "speed":10,
		"pierce":false,
		"bulletWidth": 25,
		"bulletHeight": 30,
		"lifetime":40,
        "backColor":"ffd280",
		"frontColor":"ffd280",
        "hitShake": 2,
        "ammoMultiplier": 3,
        "reloadMultiplier": 0.7,
	    "smokeEffect": "shellEjectBig",
	     "hitEffect":"flakExplosionBig"
		},
	},
	"requirements": [
		{ "item": "copper", "amount": 400 },
        { "item": "低阶计算机部件","amount": 150},
        { "item": "plastanium", "amount": 250 },
		{ "item": "重钢", "amount": 150 },
		{ "item": "thorium", "amount": 100 },
		{ "item": "铱板", "amount": 100 },
		{ "item": "graphite", "amount": 350 },
		{ "item": "surge-alloy", "amount": 150 },
        { "item": "titanium", "amount": 250 }
	],
	"category": "turret",
	"research": "冲击波炮"
}


