
{
	"name": "点防御激光器",
	"description": "M6-A2系重型激光器",
	"targetAir": true,
	"targetGround": false,
	"health": 1050,
	"size": 3,
	"reload": 0.25,
	"inaccuracy": 0,
	"hasPower": true,
	"shootSound" : "amlaser",
	"powerUse": 15,
	"range": 300,
	"requirements": [
		{ "item": "低阶计算机部件", "amount": 100 },
		{ "item": "重钢", "amount": 100 },
		{ "item": "thorium", "amount": 150 },
		{ "item": "plastanium", "amount": 75 }
	],
	"category": "turret",
	"research": "heavylaserturret"
}
