
{
	"name": "正电子炮",
	"description": "反物质武器，释放一枚光球，自动攻击一定范围内的所有目标，对付大量敌人效果极佳",
	"targetAir": true,
	"targetGround": true,
	"health": 3750,
	"size": 5,
	"reload": 270,
	"inaccuracy": 3,
	"recoil": 3,
	"shootSound" : "中子炮",
	"range": 384,
	"requirements": [
		{ "item": "计算机部件", "amount": 150 },
		{ "item": "重钢", "amount": 150 },
		{ "item": "致密合金", "amount": 325 },
		{ "item": "铱板", "amount": 300 },
		{ "item": "Zate", "amount": 60 },
		{ "item": "surge-alloy", "amount": 60 },
		{ "item": "silicon", "amount": 95 },
		{ "item": "lead", "amount": 150 },
		{ "item": "thorium", "amount": 250 },
		{ "item": "plastanium", "amount": 90 }
	],
	"category": "turret",
	"research": "零位炮台"
}
