{
	"name": "电力墙",
	"description": "投射护盾作为防御的墙，拥有极高的盾容和冷却系数\n“别想了这玩意不能被加速的”",
	"type": "ForceProjector",
	"health": 725,
	"size": 1,
	"radius":20,
	"phaseUseTime": 1,
	"phaseRadiusBoost": 0,
	"basePowerDraw": 3,
	"breakage":50000,
	"cooldownNormal":500,
	"cooldownBrokenBase":500,
	"outputsPower":true,
	"expanded":true,
	"consumes":{
		"power": 10,
		"items":{
			"items":[
				{"item":"phase-fabric","amount": 1000}
			],
			"booster":true
		}
	},
	"requirements": [
	{ "item": "Zate", "amount": 15 }
	{ "item": "重钢", "amount": 15 }
		{ "item": "lead", "amount": 35 }
		{ "item": "thorium", "amount": 25 }
		{ "item": "silicon", "amount": 25 }
	],
	"category":"defense",
	"research":"force-projector"
}
      
