{
	"name": "相位液体工厂",
	"description": "相位液体生成器",
	"itemCapacity":10,
	"health":160,
	"size":2,
	"hasPower": true,
	"hasLiquids": true,
	"hasItems": true,
	"craftTime":60,
	"consumes": {
		"power":6,
		"items": {
			"items": [
				{ "item": "phase-fabric", "amount": 2 }
			]
},
		"liquid": {
			"liquid": "高能量xen液体",
			"amount": 0.1
		}
	},
  	"liquidCapacity": 24,
	"outputLiquid": {"liquid": "相位xen液体", "amount": 6},
	"requirements": [
		{ "item": "plastanium", "amount": 40 },
		{ "item": "铱板", "amount": 45 },
		{ "item": "复合钢", "amount": 75 },
		{ "item": "metaglass", "amount": 25 },
		{ "item": "计算机部件", "amount": 25 },
		{ "item": "phase-fabric", "amount": 75 }
	],
	"category": "crafting",
	"research": "升能器",
	"idleSound": "respawning",
	"idleSoundVolume": 0.5
}
