{
     "name":"磁轨炮", 
     "description":"重型火炮，单体高伤，填装时间很长。攻城的绝佳选择", 
     "health": 2850,
     "size": 4,
     "shootSound":"shotgun",
     "burstSpacing": 12,
     "targetAir":true,
     "targetGround":true,
     "rotatespeed": 1.725,
     "shots": 3,
     "recoil": 6.5, 
     "inaccuracy": 0.5,
     "maxAmmo":10,
     "reload": 360,
	"requirements": [
		{ "item": "copper", "amount": 600 }
        { "item": "lead", "amount": 550 }
        { "item": "计算机部件", "amount": 150 }
        { "item": "铱板", "amount": 150 }
		{ "item": "plastanium", "amount": 150 }
		{ "item": "silicon", "amount": 250 }
		{ "item": "graphite", "amount": 350 }
		{ "item": "thorium", "amount": 250 }
        { "item": "titanium", "amount": 450 }
	],
	"category": "turret",
	"research": "冲击波炮"
}

