{
	"name": "巨型主力舰船坞",
	"description": "生产超主力舰",
	"type": "UnitFactory",
	"unitType": "战列巡洋舰",
	"size": 8,
	"health": 6000,
	"produceTime": 9600,
	"maxSpawn":2,
	"consumes": {
		"power": 11.5,
		"items": {
			"items": [
				{"item": "重钢", "amount": 50},
				{"item": "致密合金", "amount": 35},
				{"item": "计算机部件", "amount": 25}
			]
		}
	},
	"category": "units",
	"research": "护卫舰工厂",
	"requirements": [
		{ "item": "铱板", "amount": 250 },
        { "item": "计算机部件","amount": 100},
        { "item": "plastanium", "amount": 125 },
		{ "item": "重钢", "amount": 250 },
		{ "item": "graphite", "amount": 225 },
		{ "item": "致密合金", "amount": 125 },
		{ "item": "thorium", "amount": 275 },
	]
}
