{
"name": "碎沙机",
"description": "将钛，铅，铜等三种基础矿物粉碎成沙子，输入任意一种矿物即可生产，可以通过同时输入多种矿物的方法提高生产速度\n效率:\n铜/铅: 1:1\n钛: 1:2",
"category": "crafting",
"size": 2,
"update": true,
"solid": true,
"configurable": false,
"hasPower": true,
"consumes": {
 "power": 0.5,
 "items": {
			"items": [
{"item": "titanium","amount": 1}, 
{"item": "copper","amount": 1}
{"item": "lead","amount": 1}
]
		}
	},
	"outputItem": { "item": "sand", "amount": 1 }
	"requirements": [
		{ "item": "graphite", "amount": 35 }
		{ "item": "copper", "amount": 50 }
		{ "item": "silicon", "amount": 25 },
	],
	"category": "crafting",
	"research": "pulverizer",
	"idleSound": "respawning",
	"idleSoundVolume": 0.5
}

