{
	
	"name": "零位能量封装工厂",
	"description": "将零位能量封装在铱板合金制成的外壳内",
	"itemCapacity":12,
	"flameColor": "f0ffba",
	"health":1250,
	"size":5,
	"hasPower": true,
	"hasLiquids": true,
	"hasItems": true,
	"craftTime":45,
	"updateEffect": "plasticExplosionFlak",
	"consumes": {
		"power":5,
		"items": {
			"items": [
				{ "item": "铱板", "amount": 1 },
				{ "item": "封存聚变能量", "amount": 1 },
				{ "item": "plastanium", "amount": 1 }
			]
},
		"liquid": {
			"liquid": "liquid-化工液",
			"amount": 0.05
		}
	},
  	"liquidCapacity": 24,
	"outputItem": { "item": "Zina", "amount": 2 }
	"requirements": [
		{ "item": "铱板", "amount": 50 },
		{ "item": "graphite", "amount": 125 }
		{ "item": "surge-alloy", "amount": 50 }
		{ "item": "plastanium", "amount": 100 },
        { "item": "metaglass", "amount": 125 },
		{ "item": "lead", "amount": 100 },
		{ "item": "低阶计算机部件", "amount": 60 },
		{ "item": "thorium", "amount": 125 }
	],
	"category": "crafting",
	"research": "铱板厂",
	"idleSound": "laserbig",
	"idleSoundVolume": 0.5
}
