{
	"type": "GenericSmelter"
	"name": "聚变能量封存器",
	"description": "用于生产封存聚变能量",
	"health": 800,
	"itemCapacity": 10,
	"outputItem": {"item": "封存聚变能量","amount": 2},
	"size": 3,
 	"liquidCapacity":60,
  "hasLiquids": true,
	"hasPower": true,
	"hasItems": true,
	"craftTime": 60,
	"updateEffect": "smeltsmoke",
	 "consumes": {
    "power": 20,
    "items": {
        "items": [ 
            { "amount": 1, "item": "重钢" },
            { "amount": 2, "item": "Zate" }
        ],
    },
    "liquid": {
        "liquid": "water",
        "amount": 0.15
    }
},
	"requirements": [
		{ "item": "重钢", "amount": 125 },
        { "item": "copper", "amount": 140 },
		{ "item": "lead", "amount": 100 },
		{ "item": "低阶计算机部件", "amount": 40 },
		{ "item": "silicon", "amount": 80 },
		{ "item": "titanium", "amount": 50 },
		{ "item": "thorium", "amount": 65 }
	],
	"category": "crafting",
	"research": "低阶数据处理器制造器",
	"idleSound": "respawning",
	"idleSoundVolume": 0.5
}
