
{
	"name": "Zate激光器",
	"description": "Zate激光器",
	"targetAir": true,
	"targetGround": true,
	"canOverdrive": false,
	"health": 7250,
	"size": 6,
	"inaccuracy": 0,
	"recoil": 3,
	"hasPower": true,
	"liquidCapacity": 50,
	"shootSound" : "amlaser",
	"consumes": {
		"liquid": {
			"liquid": "liquid-化工液",
			"amount": 0.1
		}
	},
	"powerUse": 150,
	"requirements": [
		{ "item": "计算机部件", "amount": 300 },
		{ "item": "重钢", "amount": 150 },
		{"item": "phase-fabric","amount": 150},
		{ "item": "致密合金", "amount": 500 },
		{ "item": "铱板", "amount": 250 },
		{ "item": "Zate", "amount": 150 },
		{ "item": "plastanium", "amount": 200 }
	],
	"category": "turret",
	"research": "原子激光器"
}
