{
    "type": "ImpactReactor",
    "name": "聚变爆破反应堆",
    "description": "重型核聚变反应堆",
    "size": 5,
    "health": 7500,
   	"liquidCapacity":60 ,
    "hasLiquids": true,
   	"hasItems": true,
  	"itemCapacity": 10,
    "powerProduction": 270,
    "consumes": {
    "power": 50,
    "items": {
        "items": [ 
            { "amount": 1, "item": "封存聚变能量" }
        ],
    },
    "liquid": {
        "liquid": "cryofluid",
        "amount": 0.25
    }
},
    "requirements": [
		{ "item": "metaglass", "amount": 300 },
  	{ "item": "copper", "amount": 600 },
   { "item": "计算机部件","amount": 100},
   { "item": "lead", "amount": 550 },
   { "item": "plastanium", "amount": 180 },
		{ "item": "重钢", "amount": 150 },
		{ "item": "silicon", "amount": 250 },
		{ "item": "graphite", "amount": 300 },
   { "item": "titanium", "amount": 300 } 
	],
	"category": "power",
	"research": "impact-reactor"
}
