{
	"type": "GenericSmelter",
	"name": "能量液工厂",
	"description": "高能量生产工厂",
	"itemCapacity":10,
	"flameColor": "f0ffba",
	"health":350,
	"size":3,
	"hasPower": true,
	"hasLiquids": true,
	"hasItems": true,
	"craftTime":60,
	"updateEffect": "formsmoke",
	"consumes": {
		"power":8,
		"items": {
			"items": [
				{ "item": "Zate", "amount": 2 }
			]
},
		"liquid": {
			"liquid": "water",
			"amount": 0.1
		}
	},
  	"liquidCapacity": 24,
	"outputLiquid": {"liquid": "liquid-化工液", "amount": 6},
	"requirements": [
		{ "item": "Zate", "amount": 40 },
		{ "item": "重钢", "amount": 50 },
        { "item": "copper", "amount": 100 },
		{ "item": "lead", "amount": 72 },
		{ "item": "低阶计算机部件", "amount": 25 },
		{ "item": "silicon", "amount": 80 },
		{ "item": "titanium", "amount": 150 },
		{ "item": "graphite", "amount": 75 }
	],
	"category": "crafting",
	"research": "低阶数据处理器制造器",
	"idleSound": "respawning",
	"idleSoundVolume": 0.5
}
