{
	"name": "脉冲炮",
	"description": "中射程高射速的武器",
	"health": 750,
	"size": 2,
	"burstSpacing": 2.25,
	"ammoUseEffect":"shellEjectSmall",
	"targetAir": true,
	"targetGround": true,
    "shootSound":"shootBig",
	"rotatespeed": 4.25,
	"shots": 7,
	"inaccuracy": 6,
	"shootShake": 3,
	"maxAmmo": 40,
	"burstSpacing": 6,
	"reload": 90,
	"range": 220,
	
	"requirements": [
{"item": "lead","amount": 50},
   {"item": "silicon","amount": 40},
   { "item": "重钢", "amount": 30 },
	],
	"category": "turret",
	"research": "salvo"
}

