{
     "type":"ItemTurret",
     "name":"裂痕冲击者炮台",
     "description":"重型群体歼灭主炮;炮台转速慢",
     "health":3000,
     "size":4,
     "targetAir":true,
     "targetGround":true,
     "rotatespeed":1.5,
     "shootSound" : "laserbig",
     "cooldown":0.3,
     "recoil":3,
     "restitution":0.5,
     "shots":8,
     "inaccuracy":0,
     "maxAmmo":15,
     "reload":195,
     "range":240,
     "ammo": {
       "封存聚变能量": {
        "splashDamageRadius":50,
	    "splashDamage":25,
        "incendChance": 70,
	    "speed":9,
		"damage":85,
		"pierce":true,
		"bulletWidth":165,
		"bulletHeight":10,
		"lifetime":90,
		"lightining":2,
		"hitSize":12,
		"lightningLength":8,
        "drag":0.03,
        "backColor":"#FFF479",			
        "frontColor":"#FFFDCD",
        "hitShake": 3,
        "ammoMultiplier": 1,
	    "smokeEffect": "bigShockwave",
	    "hitEffect":"hitLancer"
		},
		"Zate":{
	   "splashDamageRadius":200,
	    "splashDamage":15,
        "incendChance": 40,
        "reloadMultiplier":1.25,
        "inaccuracy":-6.15,
	    "speed":6.9,
	    "drag":0.03,
		"damage":60,
		"pierce":true,
		"bulletWidth": 12,
		"bulletHeight": 34,
		"lifetime":70,
    	"fragBullets":14,
        "backColor":"FFB482",			
        "hitShake": 5,
        "ammoMultiplier": 1,
	    "smokeEffect": "bigShockwave",
	     "hitEffect":"impactcloud"
  }
},
      "requirements": [
		{ "item": "Zate", "amount":120}
		{ "item": "copper", "amount": 400 },
        { "item": "计算机部件","amount": 80},
        { "item": "lead", "amount": 375 },
        { "item": "thorium", "amount": 150 },
		{ "item": "重钢", "amount": 150 },
		{ "item": "silicon", "amount": 250 },
		{ "item": "graphite", "amount": 350 },
		{ "item": "surge-alloy", "amount": 250 },
        { "item": "titanium", "amount": 300 }
	],
	"category": "turret",
	"research": "清除者"
}
