{
	"name": "觅食者采矿机工厂",
	"description": "生产觅食者采矿无人机",
	"type": "UnitFactory",
	"unitType": "觅食者采矿机",
	"size": 2,
	"health": 180,
	"produceTime": 3000,
	"maxSpawn":1,
	"consumes": {
		"power": 2,
		"items": {
			"items": [
				{"item": "低阶计算机部件", "amount": 6}
			]
		}
	},
	"category": "units",
	"research": "draug-factory",
	"requirements": [
        { "item": "lead", "amount": 30 },
		{ "item": "thorium", "amount": 45 },
		{ "item": "silicon", "amount": 35 },
        { "item": "titanium", "amount": 70 }
	]
}
