{
	"name": "重型超速投影仪",
	"type": "OverdriveProjector",
	"health": 1250,
	"size": 3,
	"range": 150,
	"reload": 90,
	"speedBoost": 2,
	"consumes": {
		"power": 8.0,
        "items":{
			"items":[
				{"item":"surge-alloy","amount":1}
			]
			"booster":true
			"optional": true
		}
	},
	"requirements": [
		{ "item":"plastanium","amount": 40 },
		{ "item": "重钢", "amount": 75 },
        { "item": "Zate", "amount": 80 },
		{ "item": "lead", "amount": 200 },
		{ "item": "低阶计算机部件", "amount": 40 },
		{ "item": "silicon", "amount": 100 },
		{ "item": "thorium", "amount": 200 },
		{ "item": "graphite", "amount": 125 }
	],
	"category":"effect",
	"research":"overdrive-projector"
}