
{
	"name": "轨道冲击炮",
	"description": "投射蕴含极大能量的子弹",
	"targetAir": true,
	"targetGround": true,
	"health": 1800,
	"size": 3,
	"inaccuracy": 0,
	"chargeTime": 80,
	"reload": 20,
    "chargeMaxDelay":0,
    "chargeEffects": 2,
	"recoil": 3,
	"hasPower": true,
	"shootSound" : "laser",
	"powerUse": 14,
	"range": 230,
	"requirements": [
		{ "item": "计算机部件", "amount": 30 },
		{ "item": "重钢", "amount": 60 },
		{ "item": "copper", "amount": 120 },
		{ "item": "复合钢", "amount": 45 },
		{ "item": "lead", "amount": 150 },
		{ "item": "thorium", "amount": 100 },
		{ "item": "plastanium", "amount": 45 }
	],
	"category": "turret",
	"research": "lancer"
	
	
	
}
