{
	"type":"MassDriver",
	"name":"轻型质量驱动器",
	"description":"一座轻型质量驱动器",
	"size":1,
	"health":160,
	"hasPower":true,
	"hasLiquids":false,
	"hasItems":true,
	"itemCapacity":25,
	"range":144,
	"reloadTime":60,
	"rotateSpeed":0.1,
	"shake":2,
	"knockback":2,
	"minDistribute":5,
	"shootEffect":"shockwave",
	"smokeEffect":"smeltsmoke",
	"recieveEffect":"smeltsmoke",
	"consumes":{
		"power":1.5,
	},
	"requirements":[
		{"item":"copper","amount":55},
		{"item":"silicon","amount":25},
		{"item": "graphite", "amount": 45 },
		{"item": "titanium", "amount": 60 }
	],
	"category":"distribution",
	"research": "mass-driver",
}