{
	"type":"MassDriver",
	"name":"重型质量驱动器",
	"description":"一座重型质量驱动器",
	"size":5,
	"health":5600,
	"hasPower":true,
	"hasLiquids":false,
	"hasItems":true,
	"itemCapacity":200,
	"range":620,
	"reloadTime":100,
	"rotateSpeed":0.03125,
	"shake":2,
	"minDistribute":60,
	"shootEffect":"shockwave",
	"smokeEffect":"shockwave",
	"recieveEffect":"shockwave",
	"consumes":{
		"power":3.5,
	},
	"requirements":[
		{"item":"copper","amount":175},
		{"item":"低阶计算机部件","amount":125},
		{ "item": "plastanium", "amount": 30 },
   { "item": "重钢", "amount": 50 },
   { "item": "silicon", "amount": 100 },
   { "item": "graphite", "amount": 75 },
   { "item": "thorium", "amount": 80 },
   { "item": "titanium", "amount": 125 }
	],
	"category":"distribution",
	"research": "mass-driver",
}