{
	"name": "重型护盾发生器",
	"description": "一种更加强劲的护盾，以Zate晶体为投射介质，制造出一种更坚硬的护盾\n盾容:15000\n常规冷却参数:4\n过载冷却参数:0.25",
	"type": "ForceProjector",
	"health": 1200,
	"size": 4,
	"radius": 165,
	"phaseUseTime": 240,
	"phaseRadiusBoost": 100,
	"basePowerDraw": 3,
	"breakage":15000,
	"cooldownNormal":4,
	"cooldownBrokenBase":0.25,
	"consumes":{
		"power": 15,
		"items":{
			"items":[
				{"item":"phase-fabric","amount": 2}
			],
			"booster":true
		}
	},
	"requirements": [
	 { "item": "copper", "amount": 150 }
	{ "item": "低阶计算机部件", "amount": 55 }
	{ "item": "Zate", "amount": 60 }
	{ "item": "重钢", "amount": 50 }
		{ "item": "lead", "amount": 75 }
		{ "item": "铱板", "amount": 40 }
		{ "item": "silicon", "amount": 100 }
		{ "item": "titanium", "amount": 100 }
		{ "item": "graphite", "amount": 55 }
	],
	"category":"effect",
	"research":"force-projector"
}
      
