{
	"type": "GenericSmelter",
	"name": "重钢合成工厂",
	"description": "钛与碳单质合成的混合钢",
	"health": 160,
	"itemCapacity": 12,
	"outputItem": {
		"item": "重钢",
		"amount": 3
	},
	"size": 2,
	"hasPower": true,
	"hasItems": true,
	"craftTime": 45,
	"updateEffect": "smeltsmoke",
	"consumes": {
		"power": 1.5,
		"items": {
			"items": [{
				"item": "titanium",
				"amount": 2
			}, {
				"item": "graphite",
				"amount": 1
			}]
		}
	},
	"requirements": [{
			"item": "titanium",
			"amount": 50
		},
		{
			"item": "copper",
			"amount": 75
		},
		{
			"item": "lead",
			"amount": 80
		},
		{
			"item": "silicon",
			"amount": 25
		},
		{
			"item": "graphite",
			"amount": 25
		}
	],
	"category": "crafting",
	"research": "pneumatic-drill",
	"idleSound": "respawning",
	"idleSoundVolume": 0.5
}
