{
	"type": "GenericSmelter",
	"name": "铱板合成工厂",
	"description": "“弟啊你材料里都没铱有关的元素你怎么合成铱啊（恼）”，“日恁毛!”",
	"itemCapacity":12,
	"flameColor": "cde6ff",
	"health":800,
	"size":4,
	"hasPower": true,
	"hasLiquids": true,
	"hasItems": true,
	"craftTime":45,
	"updateEffect": "reactorsmoke",
	"consumes": {
		"power":5,
		"items": {
			"items": [
				{ "item": "重钢", "amount": 2 },
				{ "item": "surge-alloy", "amount": 1 }
			]
},
		"liquid": {
			"liquid": "xen液体",
			"amount": 0.05
		}
	},
  	"liquidCapacity": 24,
	"outputItem": { "item": "铱板", "amount": 2 }
	"requirements": [
		{ "item": "Zate", "amount": 40 },
		{ "item": "重钢", "amount": 100 },
        { "item": "copper", "amount": 180 },
        { "item": "metaglass", "amount": 125 },
		{ "item": "lead", "amount": 100 },
		{ "item": "低阶计算机部件", "amount": 40 },
		{ "item": "silicon", "amount": 100 },
		{ "item": "titanium", "amount": 80 },
		{ "item": "thorium", "amount": 125 }
	],
	"category": "crafting",
	"research": "钛混厂",
	"idleSound": "respawning",
	"idleSoundVolume": 0.5
}