{
	"type": "DoubleTurret",
	"name": "零位能量抛射炮台",
	"description": "毕业级别武器，你不会想看到它出现在敌人的阵地上",
	"health": 3500,
	"size": 4,
	"shotWidth":4.5,
    "shootSound":"artillery",
	"reload": 90,
	"shots": 3,
	"range": 400,
	"spread":100,
	"ammoUseEffect": "shootBigSmoke",
	"coolEffect": "plasticExplosionFlak",
	"inaccuracy": 5,
	"rotatespeed": 3,
	"ammo": {
		"Zina": {
			"speed": 0.8,
			"type": "ArtilleryBulletType",
			"bulletSprite":"新视界-波束子弹",
			"homingPower": 0.001,
            "homingRange": 550,
			"bulletShrink":0.175,
			"keepVelocity":false,
			"collidesTiles":false,
	        "collidesAir":true,
	        "collides":true,
	        "pierce":false,
			"knockback":0.5,
			"lifetime":755,
			"damage": 50,
			"bulletWidth": 13,
			"lightining":5,
			"status":"melting",
			"statusDuration":60,
		    "lightningLength":16,
			"bulletHeight": 13,
			"shootEffect": "formsmoke",
			"hitEffect": "impactShockwave",
			"smokeEffect": "formsmoke",
			"splashDamageRadius":80,
	        "splashDamage":300,
	        "despawnEffect":"plasticExplosionFlak",
			"backColor":"f0ffba",
			"frontColor":"f0ffba",
            
         "fragBullets":3,
         "fragBullet":
         {
         "type" : "BasicBulletType",
         "bulletSprite":"新视界-波束子弹",
         "despawnEffect":"formsmoke",
         "lightining":1,
		 "lightningLength":8,
         "speed":1,
         "lifetime":30,
         "bulletWidth": 10,
		 "bulletHeight": 11,
         "damage":60,
         "backColor":"f0ffba",			
         "frontColor":"f0ffba",
         "hitEffect":"plasticExplosionFlak"
         
}
		}
		    "反Zina": {
			"speed": 12,
			"type": "FlakBulletType",
			"explodeRange":30,
			"bulletSprite":"新视界-尖子弹",
			"knockback":5,
			"inaccuracy": -4,
			"reloadMultiplier":2,
			         "lightining":2,
		 "lightningLength":10,
			"despawnEffect":"formsmoke",
			"keepVelocity":false,
			"collidesTiles":true,
	        "collidesAir":true,
	        "collides":true,
	        "pierce":false,
			"lifetime":52,
			"damage": 120,
			"bulletWidth": 9,
			"bulletHeight": 38,
			"shootEffect": "formsmoke",
			"hitEffect": "formsmoke",
			"smokeEffect": "formsmoke",
			"splashDamageRadius":30,
	        "splashDamage":20,
			"backColor":"f0ffba",
			"frontColor":"f0ffba",
            
         "fragBullets":10,
         "fragBullet":
         {
         "type" : "BasicBulletType",
         "bulletSprite":"新视界-尖子弹",
         "speed":8,
         "lifetime":20,
         "bulletWidth": 6,
		 "bulletHeight": 24,
         "damage":45,
         "pierce":true,
         "backColor":"f0ffba",			
         "despawnEffect":"formsmoke",
         "frontColor":"f0ffba",
         "hitEffect":"plasticExplosionFlak"
}
}
"darkenergy": {
			"speed": 12,
			"type": "MissileBulletType",
			"bulletSprite":"新视界-尖子弹",
			"knockback":5,
			"inaccuracy": 4,
			"despawnEffect":"shockwave",
			"keepVelocity":false,
			"collidesTiles":true,
	        "collidesAir":true,
	        "collides":true,
	        "pierce":true,
			"lifetime":52,
			"damage": 120,
			"bulletWidth": 16,
			"bulletHeight": 27,
			"shootEffect": "impactsmoke",
			"hitEffect": "nuclearShockwave",
			"smokeEffect": "impactsmoke",
			"splashDamageRadius":30,
	        "splashDamage":20,
			"backColor":"d0b0ff",
			"frontColor":"f0d7ff",
            
         "fragBullets":6,
         "fragBullet":
         {
         "type" : "BasicBulletType",
         "bulletSprite":"新视界-尖子弹",
         "speed":5,
         "lifetime":25,
         "pierce":true,
         "bulletWidth": 12,
		 "bulletHeight": 19,
         "damage":35,
         "backColor":"d0b0ff",			
         "despawnEffect":"bigShockwave",
         "frontColor":"f0d7ff",
         "hitEffect":"bigShockwave"
         
         "fragBullets":3,
         "fragBullet":
         {
         "type" : "BasicBulletType",
         "bulletSprite":"新视界-尖子弹",
         "speed":3,
         "lifetime":15,
         "bulletWidth": 8,
		 "bulletHeight": 14,
         "damage":25,
         "backColor":"d0b0ff",			
         "despawnEffect":"mineBig",
         "frontColor":"f0d7ff",
         "hitEffect":"mineBig"
}
}
}
	},
	
	
	"requirements": [
		{ "item": "致密合金", "amount": 100 }
        { "item": "lead", "amount": 300 }
		{ "item": "plastanium", "amount": 450 }
		{ "item": "graphite", "amount": 450 }
		{ "item": "surge-alloy", "amount": 200 }
		{ "item": "计算机部件", "amount": 200 }
		{ "item": "thorium", "amount": 250 }
	],
	"category": "turret",
	"research": "粒子对撞机"
}
