{
	"name": "铱钻头",
	"description": "非常高效的钻头",
	"type": "Drill",
	"drillEffect": "mineBig",
	"health": 750,
	"heatColor":"cde6ff",
		"drawRim":true,
	"tier": 5,
	"size": 3,
	"drillTime": 70,
	"consumes": {
		"power": 3.0,
		"liquid": {
			"liquid": "water",
			"amount": 0.1
			"booster": true
			"optional": true
		}
	},
	"requirements": [
		{ "item": "低阶计算机部件", "amount": 40 },
		{ "item": "铱板", "amount": 30 },
		{ "item": "重钢", "amount": 60 }
	],
	"category": "production",
	"research": "blast-drill"
}