{
	"name": "辐射重地",
	"description":"辐射灾区",
	"loadout":"basicNucleus",
	"startingItems": [
    	{"item": "copper", "amount": 200},
        {"item": "graphite", "amount": 200},
        {"item": "titanium", "amount": 200},
        {"item": "thorium", "amount": 200},
        {"item": "plastanium", "amount": 200},
        {"item": "Fe", "amount": 200},
        {"item": "lead", "amount": 200}
    ],
    "conditionWave":10,
    "launchPeriod":5,
	"configureObjective":{"type":"ZoneWave","zone":"X-1","wave":0},
    "requirements": [
		{
    		"type": "ZoneWave",
    		"zone": "tarFields", 
    		"wave": 40
    	},
    	{
			"type":"Unlock",
			"block":"schxckj"
		}
    ],
	"resources": ["copper", "lead", "coal", "sand","titanium","thorium","Fe","Mg","Al"]
}