{
	"name": "雪地",
	"description":"冰天雪地",
	"loadout":"basicNucleus",
	"startingItems": [
    	{"item": "copper", "amount": 400},
        {"item": "graphite", "amount": 400},
        {"item": "titanium", "amount": 400},
        {"item": "thorium", "amount": 400},
        {"item": "plastanium", "amount": 400},
        {"item": "Fe", "amount": 400},
		{"item": "Mg", "amount": 400},
		{"item": "Al", "amount": 400},
        {"item": "lead", "amount": 400}
    ],
    "conditionWave": 15,
    "launchPeriod": 5,
	"configureObjective":{"type":"ZoneWave","zone":"X-2","wave":0},
    "requirements": [
		{
    		"type": "ZoneWave",
    		"zone": "X-1", 
    		"wave": 30
    	},
    	{
			"type":"Unlock",
			"block":"C60-Plant"
		}
    ],
	"resources": ["copper", "lead", "coal", "sand","titanium","thorium","Fe","Mg","Al","W"]
}