{
	"name": "星际战争",
	"description":"星际",
	"loadout":"basicNucleus",
	"startingItems": [
    	{"item": "copper", "amount": 1400},
        {"item": "graphite", "amount": 1400},
        {"item": "titanium", "amount": 1400},
        {"item": "thorium", "amount": 1400},
        {"item": "plastanium", "amount": 1400},
        {"item": "Fe", "amount": 1400},
		{"item": "Mg", "amount": 1400},
		{"item": "Al", "amount": 1400},
		{"item": "Mg-Al", "amount": 1400},
		{"item": "Fe-C", "amount": 1400},
        {"item": "lead", "amount": 1400}
    ],
    "conditionWave":25,
    "launchPeriod":5,
	"configureObjective":{"type":"ZoneWave","zone":"X-4","wave":0},
    "requirements": [
		{
    		"type": "ZoneWave",
    		"zone": "X-2", 
    		"wave": 100
    	},
    	{
			"type":"Unlock",
			"block":"xvx-ai-Plant-z"
		}
    ],
	"resources": ["copper", "lead", "coal", "sand","titanium","thorium","Fe","Mg","Al","W","U"]
}